brand,week,cinema,digitaldisplayandsearch,digitalvideo,facebook,instagram,localtv,ooh,opentv,paytv,print,radio,tiktok,twitter,youtube
Brand A,2023-01-07,0.0,2.8020814047379,1.8209233700883547,3.767863328952539,0.254906516059226,0.0,0.33167477406022267,0.0,0.0,0.0,0.0,0.0,0.0,0.0
Brand A,2023-01-14,0.0,2.7988537136635387,2.1140405828862208,0.0,0.0,0.0,1.0949642748165598,0.0,0.0,0.0,0.0,0.0,0.0,0.0
Brand A,2023-01-21,0.0,2.787596789139666,1.9600481314015032,6.154600707127105,9.926861830806496,0.0,1.5733246644298189,0.0,0.0,0.0,0.0,0.0,0.0,0.32601888003294527
Brand A,2023-01-28,0.0,0.10751454657711866,0.05162032483743806,10.730684674088668,13.719881625966186,0.0,1.8371605287300117,0.0,0.0,0.0,0.0,0.0,0.0,3.139758247145547
Brand A,2023-02-04,0.0,1.7575581548339492,1.541715443127965,10.012119593262822,12.652883845924011,0.0,3.4973480375839214,0.0,0.0,0.0,0.0,0.0,0.0,5.554083944549916
Brand A,2023-02-11,0.0,3.0212792344324813,1.301968250728188,18.602285848539026,20.152685854173143,0.0,4.280729165393894,0.0,0.0,0.0,7.822820953899723,0.0,0.0,7.521324571441457
Brand A,2023-02-18,0.0,1.8948539027327977,1.7820864741287854,13.086838444030013,13.339211926444708,0.0,3.893580238627702,1.7782845730233623,4.74634177878189,0.0,8.720251006824054,0.0,0.0,6.629659339339621
Brand A,2023-02-25,0.0,1.38388493098993,18.620384047705237,9.668075529676535,9.1776902624962,0.0,3.5462486585958453,24.97547389176111,8.66816654303123,0.0,8.720251006824054,0.0,0.0,0.003124761701504071
Brand A,2023-03-04,0.0,3.0157195698629646,2.098876573143383,5.682349827481461,6.134097328153921,0.0,4.41318708086157,18.29927003885879,2.7641036878271397,0.0,8.178221263058202,0.0,0.0,2.714085516650303
Brand A,2023-03-11,0.0,6.969593596771515,4.973830104558895,3.6852109026232394,4.570479490738785,0.0,4.6988580289803705,12.326144906482753,2.849844108098618,0.0,4.41908444085123,0.0,0.0,7.830743951072258
Brand A,2023-03-18,0.0,6.117548699262422,5.591551377691993,3.5309093186489324,4.566285006500535,0.0,4.715097025238206,12.379320226246314,4.060053007399534,0.0,5.260732408918884,0.0,0.0,3.7807123838022503
Brand A,2023-03-25,0.0,6.095446046990398,5.593904804180042,35.31860022013733,8.252788673388793,0.0,4.715097025238206,7.199296806164302,2.3705502602131,0.0,5.260732408918884,0.0,0.0,0.007930764640237828
Brand A,2023-04-01,0.0,6.613268503994996,6.309923142766716,3.9964894011351726,4.797773795890624,0.03841048391227332,3.737389886452054,0.0,3.8187645481831964,0.0,4.885740135111902,0.0,0.0,0.12038296374840003
Brand A,2023-04-08,0.0,0.22692398899228472,1.2106302636379405,2.3223126327951524,4.964205642321615,0.006401747318050576,0.5186364478190459,0.0,0.6364607580305328,0.0,67.80291244708442,0.0,0.0,1.2872463905555822
Brand A,2023-04-15,0.0,0.0,0.0,4.288996005051485,12.307671408975942,0.0,0.0,0.0,0.0,0.0,11.300485408509058,0.0,0.0,3.9845740515386248
Brand A,2023-04-22,0.0,1.7060843415373503,0.0,6.365591612668685,85.84587345856356,0.0,0.0,0.0,0.0,0.0,0.0,0.0,0.0,5.416927712739392
Brand A,2023-04-29,0.0,2.009155018771198,0.0,8.021449659155401,7.571430417627308,0.0,0.0,0.0,0.0,0.0,0.0,0.0,0.0,3.865548893611815
Brand A,2023-05-06,0.0,0.2143074876200416,0.0,4.2065777210103885,3.358375259248326,2.795386626210666,0.0,0.0,0.0,0.0,0.0,0.0,0.0,1.1226603020186412
Brand A,2023-05-13,0.0,0.0,1.078867780950762,6.602078003312043,6.110978173585871,0.4658977709740762,0.0,0.0,0.0,0.0,0.0,0.0,0.0,4.852086318309432
Brand A,2023-05-20,0.0,0.0,2.3101296744542914,7.736688846786034,6.718929671329526,0.0,0.0,0.0,0.0,0.0,0.0,0.0,0.0,1.6290994619403358
Brand A,2023-05-27,0.0,0.0,8.652785432800763e-07,9.37882936221812,7.2733269358946675,0.0,0.0,0.0,0.0,0.0,0.0,0.0,0.0,4.532546399596177
Brand A,2023-06-03,0.0,0.0,0.0,4.471763068656481,4.123532151010394,0.0,0.0,0.0,0.0,0.0,0.0,0.0,0.0,2.1438036668151437
Brand A,2023-06-10,0.0,0.9136381276320983,0.0,4.9491586406173,6.069952731809527,0.0,0.0,0.0,0.0,0.0,0.0,0.0,0.0,0.44286801886492017
Brand A,2023-06-17,0.0,0.7424273455523784,0.0,4.472514787294191,4.921014793033037,0.0,0.0,0.0,0.0,0.0,0.0,0.0,0.0,0.47873967306931636
Brand A,2023-06-24,0.0,0.2989903112562138,0.0,8.684850611851232,8.193404423634735,0.0,0.0,0.0,0.0,0.0,0.0,0.0,0.0,0.5614077711822306
Brand A,2023-07-01,0.0,1.3992117918257146e-06,0.0,8.856727938210318,9.250823910993656,0.0,0.0,0.0,0.0,0.0,0.0,0.0,0.0,0.6183218962113948
Brand A,2023-07-08,0.0,0.0,0.0,21.523127514174078,26.231218136554432,0.0,0.0,0.0,0.0,0.0,0.0,0.0,0.0,0.7258309929556902
Brand A,2023-07-15,0.0,0.0,0.0,17.51593676938896,2.762012672612463,0.0,0.0,0.0,0.0,0.0,0.0,0.0,0.0,0.6954905467384437
Brand A,2023-07-22,0.0,0.0,0.0,6.13916473501761,6.154516264724812,0.0,0.0,0.0,0.0,0.0,0.0,0.0,0.0,0.4769435980829268
Brand A,2023-07-29,0.0,0.07121822670253507,0.0,8.22795413049481,7.836686574119907,0.0,0.0,0.0,0.0,0.0,0.0,0.0,0.0,0.20653225450178786
Brand A,2023-08-05,0.0,0.0985532317089009,0.0,6.774934348009782,6.543545996471353,0.0,0.0,0.0,0.0,0.0,0.0,0.0,0.0,0.1506107660014132
Brand A,2023-08-12,0.0,0.3055424111950228,0.0,6.496060023395114,6.308106981865452,0.0,0.0,0.0,0.0,0.0,0.0,0.0,0.0,2.3883282030269366
Brand A,2023-08-19,0.0,0.3885726206456933,0.0,8.460542245061252,7.177828412173082,0.0,0.0,0.0,0.0,0.0,21.88600120636549,0.0,0.0,3.0219655015330535
Brand A,2023-08-26,0.0,0.8246880404239033,0.0,12.41029264815108,9.566146049641118,0.0,0.0,0.0,0.0,0.0,3.647666867727581,0.0,0.0,1.7790593871061766
Brand A,2023-09-02,0.0,2.356610411080628,2.049544688095446,5.597741867670809,3.85549869337227,0.0,0.0,0.0,0.0,0.0,0.0,0.0,0.0,2.1148885021269686
Brand A,2023-09-09,0.0,2.3638145740359224,2.495191412255062,5.164491436834419,3.256551165249337,0.0,0.0,0.0,0.0,0.0,0.0,0.0,0.0,1.3638034655108997
Brand A,2023-09-16,0.0,3.066085043848996,1.4387137264076069,9.591376352714052,3.767442468770831,0.0,0.0,0.0,0.0,0.0,0.0,0.0,0.0,1.202187765761285
Brand A,2023-09-23,0.0,3.1555879623370733,1.357481960702592,6.9774659617520705,4.103750846876598,0.0,0.0,0.0,0.0,0.0,0.0,0.0,0.0,1.0744213780495744
Brand A,2023-09-30,0.0,0.5418570105161643,0.2245854292487674,8.285896640538631,4.758558324778015,0.0,0.0,0.0,0.0,0.0,0.0,0.0,0.0,0.9032551002487959
Brand A,2023-10-07,0.0,0.0,0.0,8.97590337025877,5.205525744198938,0.0,0.0,0.0,0.0,0.0,0.0,0.0,0.0,1.043388612803024
Brand A,2023-10-14,0.0,0.0,0.0,9.362870187027,5.399727485435729,0.0,0.0,0.0,0.0,0.0,0.0,0.0,0.0,1.003820245515871
Brand A,2023-10-21,0.0,0.0,0.0,7.6150780927562485,4.807159480381131,0.0,0.0,0.0,0.0,0.0,0.0,0.0,0.0,0.7416226465026763
Brand A,2023-10-28,0.0,0.0,0.0,8.043863263822912,4.749438868783984,0.0,0.0,0.0,0.0,0.0,0.0,0.0,0.0,2.0306730914023907
Brand A,2023-11-04,0.0,0.37940695657157547,0.7566264292346901,6.827346971489699,5.865738199441718,0.0,0.11104744501258415,0.0,0.0,0.0,0.0,0.0,0.0,2.156250406487047
Brand A,2023-11-11,0.0,1.538099415041531,1.1889786267216764,6.1283585950167465,7.145776501771483,0.0,0.17397433047578606,0.0,0.0,0.0,33.9493551934498,0.0,0.0,2.1676514429038396
Brand A,2023-11-18,0.0,1.6663962215377666,1.3206567717196025,6.816636825782325,6.379293609270207,0.0,0.18137749343269616,0.0,0.0,0.0,0.0,0.0,0.0,2.202519024026687
Brand A,2023-11-25,0.0,1.6537832496890386,1.3311424190350685,5.236900750334806,5.173650944523718,0.0,0.18137749343269616,0.0,0.0,0.0,0.0,0.0,0.0,2.1856979382498003
Brand A,2023-12-02,0.0,0.3723932768025425,0.27136752369749734,7.153661017497703,4.350120835425382,0.0,0.10171932061656457,0.0,0.0,0.0,0.0,0.0,0.0,1.850624141519331
Brand A,2023-12-09,0.0,4.035937695233768,2.118555060225637,19.91721232840178,4.185320657984369,0.0,0.013125073630456122,0.0,0.0,0.0,0.0,0.0,0.0,1.9792443544916214
Brand A,2023-12-16,0.0,4.035937695233768,2.118555060225637,19.428453216174045,5.060127832668109,0.0,0.0,0.0,0.0,0.0,0.0,0.0,0.0,1.9533273339281323
Brand A,2023-12-23,0.0,4.035937695233768,2.118555060225637,20.086898553525447,4.588269358279122,0.0,0.22471828933522303,0.0,0.0,0.0,0.0,0.0,0.0,1.6263641024304403
Brand A,2023-12-30,0.0,4.035937695233768,2.118555060225637,22.051207421916377,5.640743286554551,0.0,0.037453048232272454,0.0,0.0,0.0,0.0,0.0,0.0,1.7128409310248933
Brand A,2024-01-06,0.0,0.9202721169214011,0.5537823874855688,6.085508814631049,4.31750700599591,0.0,11.485577011548255,0.0,0.0,0.0,5.760060750653633,0.0,0.0,3.9979458257102105
Brand A,2024-01-13,0.0,2.488232392216255,1.6108236959533955,7.267501269245942,5.332116292380491,0.0,13.399839847718242,0.0,0.0,0.0,5.60764495264281,0.0,0.0,38.42199106682887
Brand A,2024-01-20,0.0,24.887750161905743,1.687455035906534,8.182129796368757,5.701288691003003,0.0,13.399839847718242,0.0,0.0,0.0,6.542252445993478,0.0,0.0,5.227202010390569
Brand A,2024-01-27,0.0,2.6112649394756104,1.8903659851066443,7.941979340639822,5.493912916100163,0.0,13.399839847718242,0.0,0.0,0.0,6.542252445993478,0.0,0.0,3.7717410056072196
Brand A,2024-02-03,0.0,2.4794810585750704,1.5531713814280248,6.397742519397126,4.7237793716152545,0.0,17.215442047241275,5.911690841247587,6.432818624607004,0.0,8.765295424278838,0.0,0.0,3.7236512765189853
Brand A,2024-02-10,0.0,1.559892285989491,0.8494073593327975,4.219062314421219,3.08888136051584,0.0,154.9494667742405,27.002279482581514,15.539048376933213,0.0,4.0116626026401585,0.0,0.0,2.570508886648332
Brand A,2024-02-17,0.0,1.3073430658221585,1.4464307732660522,1.7284853210085727,1.302973423019706,0.0,21.29330861202071,18.816095107736352,10.390300282001743,0.0,3.0620200423753983,0.0,0.0,0.9612782547000817
Brand A,2024-02-24,0.0,2.8786082840447627,1.041054701336002,1.4164576150130905,1.9272440279864782,0.0,21.29330861202071,19.118225243566215,10.224884514305677,0.0,3.0461694350657202,0.0,0.0,0.6921577103443451
Brand A,2024-03-02,0.0,2.9410803643404586,1.6401597067228855,1.4805453956111767,3.4134208242193975,0.0,18.238418124987565,14.914056969582557,5.854701125017897,0.0,6.233576041256555,0.0,0.0,0.6776949289807935
Brand A,2024-03-09,0.0,2.0332120413931105,1.5213492623008629,2.9056168011478167,5.701325106071133,0.0,16.369842207788096,16.628547350198666,9.529581819882075,0.0,2.6449480209502667,0.0,0.0,0.09712617969483624
Brand A,2024-03-16,0.0,3.2539726411035863,1.5563736903389975,1.5674522607769572,2.368364256204404,0.0,16.074112011433602,17.808629410180377,10.996337223803511,0.0,2.338930367146481,0.0,0.0,5.582661617963516
Brand A,2024-03-23,0.0,1.149117096093191,3.5608858239942256,0.3083767252326581,0.7104330647840146,0.0,16.074112011433602,2.56386489824982,1.5890564248865482,0.0,0.3434314956200548,0.0,0.0,0.1628214006149794
Brand A,2024-03-30,0.0,2.4698393700181196,3.4169855297769343,1.7398393013272868,2.1923880155975737,0.0,148.34145360307136,0.0,0.0,0.0,0.0,0.0,0.0,1.2969043700146132
Brand A,2024-04-06,0.0,5.153580403029592,2.8274643057546216,2.84234534429996,2.9583922065783703,0.0,2.0685595156968857,0.0,0.0,0.0,10.273229761977273,0.0,0.0,1.6443978132090178
Brand A,2024-04-13,0.0,3.872326837983704,2.116023744846743,3.1071783808935027,2.103193557697808,0.0,0.0,0.0,0.0,0.0,0.5427091067665716,0.0,0.0,0.2164456064292985
Brand A,2024-04-20,0.0,4.126953489385838,2.842329559417839,5.955040757542189,5.352443324999726,0.0,0.0,0.0,0.0,0.0,0.0,0.0,0.0,1.3719212800194254
Brand A,2024-04-27,0.0,3.896546443079097,3.1116642873839138,4.064589378171626,7.243761191560321,0.0,0.0,0.0,0.0,0.0,0.0,0.0,0.0,1.535962572425762
Brand A,2024-05-04,0.0,3.2855356974387724,2.6421186615709598,3.68480221466971,6.704544608319308,0.0,0.0,0.0,0.0,0.0,2.9920032825170257,0.0,0.0,0.18003048391560636
Brand A,2024-05-11,0.0,0.7513122321463879,0.24615491740337392,2.068522991546033,2.6958633544119133,0.0,0.0,0.0,0.0,0.0,0.4986672136021154,0.0,0.0,0.6534239538916929
Brand A,2024-05-18,0.0,7.796128353247767,0.0,1.8114397868973164,2.4290103588836836,0.0,0.0,0.0,0.0,0.0,0.0,0.0,0.0,1.0731852959857777
Brand A,2024-05-25,0.0,11.633069369170391,0.0,3.636986077797337,28.930165470701013,0.0,0.0,0.0,0.0,0.0,0.0,0.0,0.0,1.1776046018921729
Brand A,2024-06-01,0.0,10.419579262142946,0.0,5.048070320256236,3.9040122788091987,0.0,0.0,0.0,0.0,0.0,0.0,0.0,0.0,1.1772351171383708
Brand A,2024-06-08,0.0,3.8316220869589115,1.5599962186354548,2.920241218364635,2.1298957063216695,0.0,0.0,0.0,0.0,0.0,0.0,0.0,0.0,7.603691844793311
Brand A,2024-06-15,0.0,3.285882321032659,1.9057412892050505,3.5157846479705857,2.5125230559331597,0.0,0.0,0.0,0.0,0.0,0.0,0.0,0.0,1.4852855031700511
Brand A,2024-06-22,0.0,3.2347113641978162,1.8569295645815254,3.6261317125215613,2.928893759680319,0.0,0.0,0.0,0.0,0.0,0.0,0.0,0.0,1.3063168747837532
Brand A,2024-06-29,0.0,3.1773076107051135,1.8468481171047597,4.958119974250486,9.317580992977362,0.0,0.0,0.0,0.0,0.0,0.0,0.0,0.0,8.788933535029463
Brand A,2024-07-06,0.0,2.279379512579071,1.5822774742432617,3.9352015883258042,2.328242027528052,0.0,0.0,0.0,0.0,0.0,0.5492704682817555,0.0,0.0,0.8474185397963029
Brand A,2024-07-13,0.0,2.2540152202875037,1.9485743431873637,4.281455435253872,2.5105400670479137,0.0,0.0,0.0,0.0,0.0,0.6408155463517696,0.0,0.0,0.7955562540459706
Brand A,2024-07-20,0.0,0.8260059728551629,0.1710301635646944,3.8992015411726326,2.696098744962743,0.0,0.0,0.0,0.0,0.0,0.6408155463517696,0.0,0.0,0.7801691318441512
Brand A,2024-07-27,0.0,2.1136577152282174,1.7755763304183632,2.7250036408965865,2.195426532823439,0.0,0.0,0.0,0.0,0.0,0.6408155463517696,0.0,0.0,0.7531473246763637
Brand A,2024-08-03,0.0,0.9886184981006282,0.8599709374445142,1.9314749778736986,0.9265126432196007,0.0,0.0,0.0,0.0,0.0,0.6159855762033507,0.0,0.0,0.3364102517764899
Brand A,2024-08-10,0.0,0.24122893571794507,0.12304909338192878,1.927832826993375,2.050128057136837,0.0,0.0,0.0,0.0,0.0,0.7479822209729721,0.0,0.0,0.057058235899171895
Brand A,2024-08-17,0.0,1.2843545428217156,1.3409182784174731,12.23448450081616,8.93288506313095,0.0,0.0,0.0,0.0,0.0,0.7699816617900731,0.0,0.0,1.0651689030918756
Brand A,2024-08-24,0.0,2.831066644964506,2.2492951054435864,12.017970093175125,8.328411921791897,0.0,0.0,0.0,0.0,0.0,0.7699816617900731,0.0,0.0,1.1123119254667742
Brand A,2024-08-31,0.0,3.1105139067234333,2.589614513381171,9.199662018741158,11.002995103026144,0.0,0.0,0.0,0.0,0.0,0.7699816617900731,0.0,0.0,1.1147893535061622
Brand A,2024-09-07,0.0,3.05845194308242,6.5868085616367935,7.849104242765088,9.679547468425085,0.0,0.0,0.0,0.0,0.0,12.555954963174,0.0,0.0,0.43606995772603724
Brand A,2024-09-14,0.0,2.6087121652368017,1.1002005180726435,6.979813540446516,9.257075797421916,0.0,0.0,0.0,0.0,0.0,0.42236773876205913,0.0,0.0,0.9460965299010566
Brand A,2024-09-21,0.0,4.928523164670215,0.08707160978690481,9.788655816994286,10.331252464722814,0.0,0.0,0.0,0.0,0.0,0.0,0.0,0.0,0.19516553550291613
Brand A,2024-09-28,0.0,3.453513185759972,0.0,9.623425853648623,9.765653128194634,0.0,0.0,0.0,0.0,0.0,0.0,0.0,0.0,0.0
Brand A,2024-10-05,0.0,3.9175316947348766,0.0,4.989508939635928,5.296996398247131,0.0,0.0,0.0,0.0,0.0,0.0,0.0,0.0,0.0
Brand A,2024-10-12,0.0,2.635408054834698,10.784693941837132,4.745099482246425,3.9276324780977108,0.0,0.0,0.0,0.0,0.0,2.449237293867553,0.0,0.0,0.0
Brand A,2024-10-19,0.0,1.4484400663954324,1.2870544270472792,4.993711837597578,3.9557726288740414,0.0,0.0,0.0,0.0,0.0,0.40820621564459236,0.0,0.0,0.0
Brand A,2024-10-26,0.0,2.3016145993455583,0.6046015678157104,4.79315143177154,4.002109562546474,0.0,0.0,0.0,0.0,0.0,0.0,0.0,0.0,0.0
Brand A,2024-11-02,0.0,1.680802226115488,0.5580145403612438,5.2612296518286845,3.945779856384865,0.0,0.0,0.0,0.0,0.0,0.0,0.0,0.0,0.0
Brand A,2024-11-09,0.0,0.0781866330243722,0.027285433941703248,0.9511428454359816,0.9871551688193815,0.0,0.0,0.0,0.0,0.0,2.3850383103675417,0.0,0.0,0.0
Brand A,2024-11-16,0.0,2.2242991852663594,1.1825177814317558,42.29254944115465,4.60801544966366,0.0,0.0,0.0,0.0,0.0,0.39750638506125674,0.0,0.0,0.0
Brand A,2024-11-23,0.0,2.0558415850619,1.0711243592656379,4.171282955914548,3.9981125116762155,0.0,0.0,0.0,0.0,0.0,0.0,0.0,0.0,0.0
Brand A,2024-11-30,0.0,1.4246550038096,1.414850410562723,4.576945752433716,3.6934870998208114,0.0,0.0,0.0,0.0,0.0,0.0,0.0,0.0,0.0
Brand A,2024-12-07,0.0,1.6176701632442103,1.4337767731947382,3.8656389007365033,2.675755725987491,0.0,0.0,0.0,0.0,0.0,2.328535100418001,0.0,0.0,0.0
Brand A,2024-12-14,0.0,3.2735115668641463,1.6611269519492189,7.063007724906048,3.337013080235906,0.0,0.0,0.0,0.0,0.0,0.3880891834030006,0.0,0.0,0.0
Brand A,2024-12-21,0.0,3.278043248952454,1.6611735431665025,5.778550620756682,3.027073797370903,0.0,0.0,0.0,0.0,0.0,0.0,0.0,0.0,0.0
Brand A,2024-12-28,0.0,3.5640906039606804e-06,1.2061478892573399e-05,0.07063146209968915,0.07411708028434436,0.0,0.0,0.0,0.0,0.0,0.0,0.0,0.0,0.0
Brand A,2025-01-04,0.0,2.212014461143624,1.0660659170393125,5.496147897196324,3.8946621303561875,0.0,6.890844751474374,0.0,0.0,0.0,0.42136982351972063,0.0,0.0,0.0
Brand A,2025-01-11,0.0,1.366209603158797,0.5703237771526438,2.5518857634852448,1.7590872885976132,0.0,7.756664438724095,0.0,0.0,0.0,0.47431402737124134,0.0,0.0,0.0
Brand A,2025-01-18,0.0,0.6742963769257948,0.33386507851759817,1.189064595152473,1.0023702578892795,0.0,7.756664438724095,0.0,0.0,0.0,0.47431402737124134,0.0,0.0,0.0
Brand A,2025-01-25,0.0,0.6277363477449345,0.2623610339913322,2.025023837761889,0.9970078502684792,0.0,7.756664438724095,15.692382861924223,7.093507320612509,0.0,0.47431402737124134,0.0,0.0,0.0
Brand A,2025-02-01,0.0,0.5256805264892603,0.21207362497237814,2.982079118447567,1.07203346610274,0.0,7.588870860307676,18.201640681790444,8.519047144601736,0.0,0.4640535799102924,0.0,0.0,0.004217001553981826
Brand A,2025-02-08,0.0,0.4000505481974399,0.16032191947164043,2.952097675749139,1.112720677398602,0.0,9.01554951336219,16.090397161395977,7.873393356541473,0.0,0.5634936327482127,0.0,0.0,0.8320522530610119
Brand A,2025-02-15,0.0,0.41499101131626365,0.15336381118893785,2.3009863395130976,0.6600766736486741,0.0,60.12886303496838,10.796960124161108,5.762400765260292,0.0,0.5800669748878658,0.0,0.0,0.9380452950120357
Brand A,2025-02-22,0.0,0.4130205083606233,0.15077331357110935,2.5287821885082447,0.3862059790876571,0.0,9.253329289282485,9.993145935304508,5.351771157039989,0.0,2.4062628814794143,0.3035923660474948,0.0,1.042346463763173
Brand A,2025-03-01,0.0,0.5383913508258195,0.012700648665887668,2.6361294366222943,0.46443792062318384,0.0,1.2120732982277744,1.564139548290924,0.6328885662380693,0.0,0.39645629972613333,0.4717706104087669,0.0,0.9636462056583245
Brand A,2025-03-08,0.0,1.1512718795753394,0.0,1.989604028895116,1.0310591128951916,0.0,17.0032156257793,8.426766932550812,4.638473500847322,0.0,2.796827550971762,0.4632341193074912,0.0,1.3802457277254343
Brand A,2025-03-15,0.0,0.46335984511450784,0.0,1.629372434656362,0.9922861851906206,0.0,18.422999381926378,10.255727850097504,5.191614967353533,0.0,2.3193210338090533,0.5188263643001122,0.0,1.3562588813663958
Brand A,2025-03-22,0.0,0.4967308233159917,0.0,3.61967182508584,3.053253041451277,0.0,18.422999381926378,9.539717072699505,5.100830550759413,0.0,24.271800744527066,0.8759517924514869,0.0,1.4719155999700093
Brand A,2025-03-29,0.0,1.1229275782318866,0.7248630801586211,7.3894153998857695,4.627284468283955,0.0,18.422999381926378,1.3368429395076646,0.724471272966104,0.0,5.91124652864964,1.7226527619698981,0.44273289600093274,1.1638047746034605
Brand A,2025-04-05,0.0,1.0718905860295453,0.7709221251080974,6.879116645164576,3.465886551616786,0.0,89.28152711644552,0.0,0.0,0.0,0.3083761459351323,1.6927817199193231,0.9087633723852147,1.087776312765559
Brand A,2025-04-12,0.0,1.1220748050920042,0.6271048310631331,4.133330901922132,3.9706493823954956,0.0,11.326016910172418,0.0,0.0,0.0,0.0,5.467656101866233,0.7550895962878261,0.462490878327576
Brand A,2025-04-19,0.0,0.11506953337305595,0.05765682123367251,0.19660353256335622,0.19938746261245288,0.0,11.36603116928356,0.0,0.0,0.0,0.0,0.15329499511744624,0.13416434818315043,0.046897951985281884
Brand A,2025-04-26,0.0,0.0,0.0,0.0,0.0,0.0,11.36603116928356,0.0,0.0,0.0,0.0,0.0,0.0,0.0
Brand A,2025-05-03,0.0,0.0,0.0,0.0,0.0,0.0,9.993741035159065,0.0,0.0,0.0,0.0,0.0,0.0,0.0
Brand A,2025-05-10,0.0,0.0,0.0,0.0,0.0,0.0,6.568788330768279,0.0,0.0,0.0,0.0,0.0,0.0,0.0
Brand A,2025-05-17,0.0,0.0,0.0,0.0,0.0,0.0,6.027539854152015,0.0,0.0,0.0,0.0,0.0,0.0,0.0
Brand A,2025-05-24,0.0,0.0,0.0,0.0,0.0,0.0,6.027539854152015,0.0,0.0,0.0,0.0,0.0,0.0,0.0
Brand A,2025-05-31,0.0,0.0,0.0,0.0,0.0,0.0,6.027539854152015,0.0,0.0,0.0,0.0,0.0,0.0,0.0
Brand A,2025-06-07,0.0,0.0,0.0,0.0,0.0,0.0,0.8483425782719607,0.0,0.0,0.0,0.0,0.0,0.0,0.0
Brand A,2025-12-06,0.0,0.0,0.0,0.0,0.0,0.0,0.0,0.0,0.0,0.0,0.6934193474568434,0.0,0.0,0.0
Brand A,2025-12-13,0.0,0.0,0.0,0.0,0.0,0.0,0.0,0.0,0.0,0.0,0.6934193474568434,0.0,0.0,0.0
Brand A,2025-12-20,0.0,0.0,0.0,0.0,0.0,0.0,0.0,0.0,0.0,0.0,0.6934193474568434,0.0,0.0,0.0
Brand A,2025-12-27,0.0,0.0,0.0,0.0,0.0,0.0,0.0,0.0,0.0,0.0,0.6934193474568434,0.0,0.0,0.0
Brand B,2023-01-07,0.0,2.1418900512202907,2.6224501364649013,3.9671366852830667,2.736327714878795,6.111803974184877,0.0,22.040840369085483,2.069249429039743,0.0,4.501569879683822,0.0,0.0,0.0
Brand B,2023-01-14,0.0,2.44525199472505,2.5149873561173086,4.151981650264011,4.999081704355152,6.111803974184877,0.0,19.818434855989224,27.41772878781827,0.0,4.501569879683822,0.0,0.0,5.646852304872156
Brand B,2023-01-21,0.0,2.5417007281540522,2.836122451339931,3.2528671223370167,5.660682539338509,6.111803974184877,0.0,27.621163493870107,15.194917824019036,0.0,4.501569879683822,0.0,0.0,5.967044045045746
Brand B,2023-01-28,0.0,2.2293514933682963,2.83087596426609,6.713460381426623,8.325956520042771,6.111803974184877,0.0,330.3842638661677,16.143928023399745,0.0,4.501569879683822,0.0,0.0,4.039639267886144
Brand B,2023-02-04,0.0,2.52251019031975,2.4841355639771967,4.077779116832323,6.56329276892544,0.0,0.0,25.18536027588807,12.564141170561404,0.0,0.0,0.0,0.0,4.186976752807695
Brand B,2023-02-11,0.0,8.343256137654828,2.5408805651940125,6.403277835893747,7.95577509231157,15.363271793295498,0.0,22.73878783477826,12.395745109503176,0.0,14.85170421615687,0.0,0.0,8.74566960727979
Brand B,2023-02-18,0.0,1.988446637792346,2.51654861714654,8.974823791903209,10.00298825770094,15.363271793295498,0.0,20.855308600187968,14.18166364720882,0.0,14.85170421615687,0.0,0.0,10.047683981143251
Brand B,2023-02-25,0.0,3.188985439557954,2.196011810527855,8.644386131094414,10.161279778294029,15.363271793295498,0.0,15.268668379522001,15.972890278033619,0.0,14.85170421615687,0.0,0.0,5.259386432220039
Brand B,2023-03-04,0.0,2.233709066679081,2.2577606046696124,3.5447517509577615,13.241606867947361,14.408327919889878,0.0,15.68269225965815,7.82851077588884,0.0,13.928558147944942,0.0,0.0,4.9341542307733945
Brand B,2023-03-11,0.0,1.7761719650512957,2.327544380877669,1.738821092359336,2.8796154656971074,9.367193114692459,0.0,18.431672481469136,7.472805411645105,0.0,11.013513549387136,0.0,0.0,1.4734623041581327
Brand B,2023-03-18,0.0,1.8734315371527024,19.035199757343538,4.513479053278227,5.356889920731753,9.367193114692459,0.0,13.71072546039819,11.556400249415393,0.0,11.013513549387136,0.0,0.0,0.2710215668905448
Brand B,2023-03-25,0.0,1.6926729515423078,2.3543845526330744,7.047958036775075,6.905610280685883,9.367193114692459,0.0,16.5011976672782,8.87779190361154,0.0,11.013513549387136,0.0,0.0,7.181660968904672
Brand B,2023-04-01,0.0,5.771799870987628,3.4041883002193134,5.388485995254904,6.7243383471446405,15.300747178885585,0.0,23.054494581917044,23.091303624447978,0.0,18.70956364313234,0.0,0.0,6.627140444769488
Brand B,2023-04-08,0.0,1.4455206102181104,2.377956974126252,3.8961331909519963,4.230266297128052,1.4361522626418195,0.0,9.505277697476695,5.345700645307879,0.0,2.148384617145699,0.0,0.0,3.015231112488857
Brand B,2023-04-15,0.0,1.8682283561577586,3.5844098790955727,5.574995591046278,5.748654539105307,0.5721844108075933,0.0,8.9691912406001,7.092835415316048,0.0,1.477696393876213,0.0,0.0,2.7965160777273868
Brand B,2023-04-22,0.0,1.8668222243329873,4.654632378291635,3.4196126101790854,6.128307097974967,0.5412019789947955,0.0,11.740344602660954,5.213861517808419,0.0,0.9646936471852726,0.0,0.0,2.84768249522801
Brand B,2023-04-29,0.0,1.860763540210506,5.170495597600669,3.0046551669157835,5.37842673991544,0.561751112692657,0.0,77.9223278072311,5.004777046216195,0.0,0.8971141685638647,0.0,0.0,3.273904488147231
Brand B,2023-05-06,0.0,1.4547840472933826,3.5941611022668174,2.8612924662607666,4.74171495351076,1.028497359289146,0.0,12.251735995407815,4.563852991183432,0.0,0.11899717882524792,0.0,0.0,3.084663215427089
Brand B,2023-05-13,0.0,1.050291263258796,1.8058853087357283,0.6721602988918915,1.4066623214684733,0.17483690310104416,0.0,1.774450726216669,0.6500595570739782,0.0,0.5522201929874745,0.0,0.0,1.548966519837758
Brand B,2023-05-20,0.0,0.9127145602322557,1.3682115029636501,0.33000901592790105,0.7639708597927019,0.025994142719848994,0.0,0.0,0.0,0.0,0.64425689169695,0.0,0.0,5.328378137803221
Brand B,2023-05-27,0.0,0.9101195500353841,1.3645567774919722,23.082250998145085,3.3285370827714376,0.0,0.0,15.078170450318337,0.0,0.0,0.5899047965656573,0.0,0.0,9.211679850538863
Brand B,2023-06-03,0.0,5.479446498873754,0.9745465018388794,3.972862716873469,4.578759118948426,0.7689244939598323,0.0,15.019804873404697,18.746103345218426,0.0,0.07699350163044937,0.0,0.0,5.540366194501516
Brand B,2023-06-10,0.0,3.1971551385128523,0.598231347084797,0.5179733997221629,0.650230997490098,0.12815408235084993,0.0,2.1146700530454163,3.1243505573741888,0.0,0.0,0.0,0.0,3.191441019168327e-05
Brand B,2023-06-17,0.0,1.050173694035177,0.9239947951299273,2.013835486675934,3.288023659147561,13.979717848905253,0.0,17.196163230980037,7.303044822695355,0.0,0.0,0.0,0.0,0.0
Brand B,2023-06-24,0.0,0.6369427129998811,0.5021605362631313,4.31340782380117,6.538357043432253,46.56518718791248,0.0,22.018672688080393,14.800704331677826,0.0,0.0,0.0,0.0,0.0
Brand B,2023-07-01,0.0,0.47717367714722647,0.3793478370053333,4.658944508202341,6.6250897273224725,40.276102661199836,0.0,5.791935484897333,11.483703952233,0.0,0.0,0.0,0.0,1.7983506624034318
Brand B,2023-07-08,0.0,7.929642038984869e-07,1.0831845321264568e-06,4.925001067352158,5.391007290163867,0.0,0.0,15.595084613236226,2.3561967502572263,0.0,0.15289045814009536,0.0,0.0,1.7997834125219956
Brand B,2023-07-15,0.0,0.0,0.0,5.458259639025733,4.344537585366745,4.925061949582937,0.0,33.24779797530035,21.471002869991526,0.0,1.18071783958267,0.0,0.0,1.484609028449884
Brand B,2023-07-22,0.0,0.0,0.0,1.0292593240328032,1.5948114161507267,19.65178818891598,0.0,32.68932140032379,23.409185073065956,0.0,1.0487383357339726,0.0,0.0,1.73308631101659
Brand B,2023-07-29,0.0,0.0,0.0,1.3260776522086297,1.7930761230985612,15.902940354755223,0.0,32.78417083916405,21.898820403145834,0.0,9.797002166949012,0.0,0.0,1.7410039610145003
Brand B,2023-08-05,0.0,0.0,0.0,1.8869852532710776,16.199897831418717,3.7612727508855954,0.0,40.27584442340199,7.243239181476343,0.0,8.787876389911977,0.0,0.0,1.590479730609234
Brand B,2023-08-12,0.0,0.0,0.0,2.296895219885172,2.358733831973648,0.29346533410155085,0.0,39.69964006878808,13.608797118497543,0.0,13.671066868917384,0.0,0.0,2.841598906642605
Brand B,2023-08-19,0.0,0.0,0.0,3.5613996902142286,3.092656394097482,0.0,0.0,36.173825006957365,19.220958788203664,0.0,13.821586892215338,0.0,0.0,3.4841021386022533
Brand B,2023-08-26,0.0,0.0,0.0,5.184888085319263,3.168752683574175,32.14206996047674,0.0,40.2094387624445,19.49067490126406,0.0,12.103803878283756,0.0,0.0,3.7452625729935267
Brand B,2023-09-02,0.0,0.05079480523876834,0.038210099068151794,3.6896525082851017,2.8588673353957446,43.206385542017884,0.0,54.53066393752316,27.042789784436252,0.0,6.705409249264442,0.0,0.0,3.3315336993602225
Brand B,2023-09-09,0.0,2.4949817251507365,0.6602369712272991,1.3495769901852857,1.273538972170386,6.407020969064609,0.0,173.0725553094586,32.37080875442206,0.0,3.3121291386415344,0.0,0.0,8.278968191346683
Brand B,2023-09-16,0.0,0.8718602265494374,0.7070462158236535,1.0912507324905625,1.176279548815603,33.97655686828508,0.0,48.557730056562455,169.12051495063076,0.0,8.680434246637587,0.0,0.0,1.5058250186051947
Brand B,2023-09-23,0.0,0.8676751308117102,0.6973039931841599,1.030167443292766,1.2836916168731054,60.34006774595809,0.0,48.557730056562455,31.27724328216896,0.0,10.956186239774206,0.0,0.0,1.5061541276775565
Brand B,2023-09-30,0.0,0.17408958501572303,0.14677556699489067,1.1100741707009032,1.139612090442368,440.27109815780227,0.0,36.87556292658852,25.131208259197738,0.0,10.764004658940673,0.0,0.0,1.2905384753646132
Brand B,2023-10-07,0.0,0.0,0.0,1.7277300825437925,1.4989334232471003,12.599748638790219,0.0,31.063015690898496,18.488545865075984,0.0,3.5042265015223606,0.0,0.0,1.176201324447828
Brand B,2023-10-14,0.0,0.0,0.0,2.5104834158816995,2.6177415696056223,12.840039617690426,0.0,19.619591635964756,18.889784543254425,0.0,10.95512641888403,0.0,0.0,3.435978457778896
Brand B,2023-10-21,0.0,0.0,0.0,2.33683915686644,2.360376810906436,0.0,0.0,3.9354322698754234,1.8037622620533384,0.0,4.693591695001031,0.0,0.0,2.8561814733663224
Brand B,2023-10-28,0.0,0.0,0.0,3.0687689724443086,2.375491614369944,31.541940652007547,0.0,24.414998618895012,63.77771053464141,0.0,14.061998213556116,0.0,0.0,3.4649428138607545
Brand B,2023-11-04,0.0,0.0,0.0,2.553195989736965,2.5374821781367984,29.15686361989093,0.0,22.080855156731886,14.606309906440293,0.0,13.441790153423296,0.0,0.0,20.495991900735806
Brand B,2023-11-11,0.0,1.026374587196946,1.065942771729204,1.525500080270812,1.7177632463130137,20.013429268979188,0.0,23.843206664628823,12.194533339123524,0.0,12.37541998026875,0.0,0.0,2.625186194033901
Brand B,2023-11-18,0.0,1.026566235278542,1.1515749836101825,2.4106715652026756,2.2510750374507382,0.0,0.0,23.949026021190623,9.400714057117636,0.0,13.724665641599119,0.0,0.0,1.9618532202345342
Brand B,2023-11-25,0.0,2.0820367922215395,1.4397317263650253,1.9539717229689244,2.800577290534878,20.013429268979188,0.0,24.889505600565958,9.586956132569862,0.0,13.90188823373692,0.0,0.0,2.222136273953298
Brand B,2023-12-02,0.0,1.103318250813484,0.6848307852393659,2.5565418998909424,2.662375319256887,14.288023476432548,0.0,17.195967227087895,5.952729594734109,0.0,12.59110625015895,0.0,0.0,2.8996417167178414
Brand B,2023-12-09,0.0,3.824259195793154,3.5864042322595133,12.52733564334999,2.9786200557491833,14.200909658830044,0.0,16.594928892470787,12.876149595608974,0.0,18.01556333445071,0.0,0.0,3.218823126761
Brand B,2023-12-16,0.0,3.824259195793154,3.5864042322595133,12.183406019767803,2.5131445449424192,14.200909658830044,0.0,16.594928892470787,12.876149595608974,0.0,18.01556333445071,0.0,0.0,3.2237691403417927
Brand B,2023-12-23,0.0,3.824259195793154,3.5864042322595133,11.689450296681558,3.134120250471696,14.200909658830044,0.0,16.594928892470787,57.50322112482296,0.0,18.01556333445071,0.0,0.0,3.2291720163475577
Brand B,2023-12-30,0.0,3.824259195793154,3.5864042322595133,11.58991541333014,3.1134333248676374,14.200909658830044,0.0,16.594928892470787,12.876149595608974,0.0,18.01556333445071,0.0,0.0,3.1573937839234834
Brand B,2024-01-06,0.0,0.43790581027675707,1.7458683918349707e-06,6.840606868691054,5.306215783745461,0.0,51.22202991551946,27.30567304789872,28.045505645246358,0.0,1.9508457340061915,0.0,0.0,1.847785039076295
Brand B,2024-01-13,0.0,1.3946827114761262,0.6364723055770197,4.6842994448405335,3.1198372860793433,32.39001135118837,13.704777926934339,45.51111885168005,21.62521765742412,0.0,6.869188699567967,0.0,0.0,2.225210752743919
Brand B,2024-01-20,0.0,3.9702601401351876,1.8249080052308804,1.1712573178287986,1.0412918392392054,39.8727507621165,34.954316719221126,54.57746456842876,30.39978260015306,0.0,12.191157584132949,0.0,0.0,2.011782459493673
Brand B,2024-01-27,0.0,1.9112828829206614,0.8705551906426127,0.5257355489274291,0.6008358094898923,43.994329422624126,45.20231232679138,55.12902225920243,156.66388377522867,0.0,14.512622475737452,0.0,0.0,2.8251487725309503
Brand B,2024-02-03,0.0,1.0798453649243236,0.49341869803116,0.7813673880366392,0.9382645565247749,5.285251857873326,50.147988995522056,43.73307539165829,26.45923086477799,0.0,18.411624542353024,0.0,0.0,2.6895744538093127
Brand B,2024-02-10,0.0,0.43412731112816244,0.15692239428530447,0.25231079701571835,0.3181836425830467,35.68538165840574,44.62002398725564,20.139706403097627,12.469187478927752,0.0,12.905696484835104,0.0,0.0,1.6502443125471835
Brand B,2024-02-17,0.0,0.364801221833482,0.12987375374359889,1.451168795302049,0.8730663451159528,41.6329452656912,42.87757244917627,18.324110992662728,8.697198070383827,0.0,11.264048785420048,0.0,0.0,2.0979002840143885
Brand B,2024-02-24,0.0,0.40493379625154197,0.14432089764119163,0.396068922040445,0.7234110214511391,41.6329452656912,44.29400515345724,18.02275562240965,8.562933142868479,0.0,11.075973759842832,0.0,0.0,2.1033104668287383
Brand B,2024-03-02,0.0,0.49358182586742894,0.23119404348790484,0.2985105408922936,0.26086601567642625,5.252144207754355,40.012259552874646,15.413307465265142,7.160157197874124,0.0,6.914270617971538,0.0,0.0,1.8521435772720731
Brand B,2024-03-09,0.0,0.4700871344565358,0.24045911170183268,0.12972935051032988,0.11336577305134826,45.77700486190402,12.519253250351433,101.00179951619333,6.078142117674007,0.0,6.509792319747604,0.0,0.0,4.908974867521453
Brand B,2024-03-16,0.0,0.46840370877190096,0.2426984203976968,0.11676672298643158,0.11879269346662549,29.161752215639662,7.904429745207116,11.129788784403972,5.962577023096311,0.0,6.91581173002353,0.0,0.0,1.472928889872195
Brand B,2024-03-23,0.0,0.4671904695722824,0.24380361318904792,0.12651833617788308,0.13337698159137165,20.705343586972692,7.904429745207116,12.949864809939445,5.471453886505098,0.0,8.908791566434287,0.0,0.0,1.4727144523462543
Brand B,2024-03-30,0.0,0.4668317828273331,1.8025016391766515,0.2659551738738551,0.2559521609760691,16.43437778437136,7.457598634813151,32.57975680527212,9.996166664267037,0.0,6.7124496394822835,0.0,0.0,1.1211329639866119
Brand B,2024-04-06,0.0,0.3134886197245734,0.1250652271330946,0.33170931307921825,0.28510977272746,1.9595827290249739,62.61799078271055,29.77579596209831,8.240650123712125,0.0,2.225786998862559,0.0,0.0,1.0390267195216882
Brand B,2024-04-13,0.0,0.29331300564616597,0.11197787344990538,3.565184713853256,0.5707323677982125,37.1272798122233,10.987881711088098,28.56065594532715,4.861540226754522,0.0,4.163784795643986,0.0,0.0,1.1518083123492384
Brand B,2024-04-20,0.0,0.33248274956371326,0.11209325616317042,0.2833219917700944,0.437544190404885,45.868310729854755,0.8282216885333296,27.929916614043584,8.462724086686206,0.0,4.295887919916275,0.0,0.0,9.17598363911847
Brand B,2024-04-27,0.0,0.31353181749297426,0.11580622860128732,0.23281975303164357,0.27043557219741027,47.988043417677005,0.8282216885333296,27.47344520788083,9.213548212158074,0.0,1.3623757216696535,0.0,0.0,1.1533869027642847
Brand B,2024-05-04,0.0,0.7212731379490033,0.2775501348569019,0.2563211449101442,2.075994625742263,28.821782743699686,41.024160527552155,3.598063976774528,1.210823654216322,0.0,0.11572290080865723,0.0,0.0,1.063133784436341
Brand B,2024-05-11,0.0,0.34746509654282376,0.12492288876910054,0.21963232034316554,0.14591725341679537,18.24812779477384,10.302698861449645,9.432402484468868,7.136809621318877,0.0,3.5925132132393864,0.0,0.0,0.6882701858481669
Brand B,2024-05-18,0.0,0.4432831329756392,0.09899212106584888,0.3449409260414871,0.26777477953684276,33.91351431112432,28.262466759052977,10.295322998577447,8.586887250583375,0.0,5.2054526798195235,0.0,0.0,1.2511247468773912
Brand B,2024-05-25,0.0,0.4370432304555554,0.1005540598175024,0.41881152132934835,0.41039734747882567,40.854511400732555,8.097106457427248,8.752492785501998,8.38705467635092,0.0,18.518064707575345,0.0,0.0,1.2537005158467163
Brand B,2024-06-01,0.0,0.6695918709875806,0.22684450528147573,4.129643416568648,3.1910845293041072,8.299520133320323,41.83254791095068,2.32205130172886,2.433162000690073,0.0,3.8579053254719637,0.0,0.0,1.2040790310055944
Brand B,2024-06-08,0.0,0.3467673616521404,0.09312383191440968,7.816504364283005,0.8816610827059813,18.222681607738934,101.68443310997411,8.080666390068489,9.020227397480188,0.0,13.667011207865942,0.0,0.0,1.0631485580545805
Brand B,2024-06-15,0.0,0.42177657653561235,0.1261332533377769,0.4708285513548516,0.5474727293598797,18.222681607738934,98.93926055262078,8.080666390068489,9.020227397480188,0.0,13.667011207865942,0.0,0.0,1.3435294227735242
Brand B,2024-06-22,0.0,0.3913751312749937,0.1356304677927964,0.4541860258460629,0.5055802877627539,18.222681607738934,98.93926055262078,8.080666390068489,9.020227397480188,0.0,13.667011207865942,0.0,0.0,0.7734874686621472
Brand B,2024-06-29,0.0,0.43557580155411557,0.13309151016984686,0.4244951549379184,0.4346587614243272,138.81534931442053,98.93926055262078,8.080666390068489,9.020227397480188,0.0,13.667011207865942,0.0,0.0,0.466607356956278
Brand B,2024-07-06,0.0,3.7576981584407867,0.2593144600399666,0.7482963686953186,0.9965525767730246,14.337017482092692,24.744550899660123,10.090580584508517,7.279373592838395,0.0,6.202020735218298,0.0,0.0,0.4455268314882588
Brand B,2024-07-13,0.0,3.685395795354782,0.15567323967992372,1.6362088852202414,1.8486862039108556,16.726520396432004,28.868642719556068,11.772344014602751,8.492602524978125,0.0,7.235690857097498,0.0,0.0,0.8424969139837295
Brand B,2024-07-20,0.0,3.400185539385748,0.14529621264396594,1.6098391539370676,1.8770906397666678,16.726520396432004,28.868642719556068,11.772344014602751,8.492602524978125,0.0,7.235690857097498,0.0,0.0,0.8887270105930557
Brand B,2024-07-27,0.0,3.0421704897221953,0.14512328802455812,3.550735740867507,3.0166237556573976,2.389502914339298,4.124091815952844,1.68176343068571,1.2132289321397296,0.0,1.0336701226678124,0.0,0.0,0.7635034822909624
Brand B,2024-08-03,0.0,1.5114911918975868,0.1430215463705701,2.7348823991669535,2.375868432506043,0.0,0.0,0.0,2.3622675315579027,0.0,0.0,0.0,0.0,0.7904935668172413
Brand B,2024-08-10,0.0,0.027005495185614525,0.010831998358477316,0.7844283795820303,0.8571303793565498,7.691300293601178,27.237056907097,15.216028861905434,21.630043703454927,0.0,4.614780176539736,0.0,0.0,0.0
Brand B,2024-08-17,0.0,0.8904028963252832,0.7629892259706937,1.4870039646886106,1.0607144520823535,8.973183675236323,31.7765663979303,17.75203367317053,24.775721196983827,0.0,5.383910204383732,0.0,0.0,2.7417027475996685
Brand B,2024-08-24,0.0,0.7627560635461818,0.9788874237913513,1.6211742274772183,0.9003851889815853,8.973183675236323,31.7765663979303,17.75203367317053,24.775721196983827,0.0,5.383910204383732,0.0,0.0,4.978103985661716
Brand B,2024-08-31,0.0,0.7257257882668368,0.8512650957631323,1.3627335534759883,0.4781592826051992,8.973183675236323,31.7765663979303,17.75203367317053,24.775721196983827,0.0,5.383910204383732,0.0,0.0,3.1162123805151207
Brand B,2024-09-07,0.0,0.7577510928839555,0.617543464670894,4.915541001997837,2.916986020128897,1.6395013264373075,18.8547953161119,1.3236988133445247,1.4125665144815052,0.0,5.372727302015353,0.0,0.0,0.7707254926851448
Brand B,2024-09-14,0.0,0.7772895187757252,0.6015023483433881,2.561434078003223,2.4721744316822494,10.00547582295864,17.819320073588873,9.836579643207312,8.988146815838233,0.0,5.0546260650224335,0.0,0.0,0.2440579753816065
Brand B,2024-09-21,0.0,0.6076326464864642,0.3866521112278675,2.6941172881076803,2.254257859943514,9.558935714570566,17.819320073588873,9.482124520800811,10.330725660477768,0.0,4.707051380799595,0.0,0.0,1.574812150642858
Brand B,2024-09-28,0.0,0.5908493567378524,0.3641121576340917,2.826675085744105,1.9557566113227565,10.291013142815263,17.819320073588873,14.55891334934918,10.134827651761114,0.0,4.6905482099038025,0.0,0.0,0.18934651198368482
Brand B,2024-10-05,0.0,1.4790969462782428,0.5449246610014177,37.36599607273594,3.7341415555233892,5.183114637028066,17.22185798072332,2.134579911769381,2.3946384293380443,0.0,0.6484635398976116,0.0,0.0,0.15669534135233365
Brand B,2024-10-12,0.0,0.8002499177729218,0.3026427239336975,2.1250453405015013,1.868453530201462,5.871237908809487,26.77380911387783,6.9587091536099415,6.214904879887115,0.0,0.0,0.0,0.0,0.3001406507210559
Brand B,2024-10-19,0.0,15.905292642501095,0.9516756223944594,0.9454966450473702,0.954637634462965,5.7831142638355075,28.365800969403644,7.650616275924159,6.682193255375752,0.0,1.778293176751655,0.0,0.0,0.8008372751202358
Brand B,2024-10-26,0.0,1.422652261155141,0.7420519476863219,0.9104391993823733,0.9332973736577055,5.471443442346939,28.365800969403644,9.06003753053103,7.3897319653081075,0.0,2.161118697171155,0.0,0.0,0.7883395994797234
Brand B,2024-11-02,0.0,1.1444856847454656,0.6355526918080773,5.21802160769533,4.22175122046562,3.304759572855242,27.622281510117606,1.2948513754303868,2.994687599877825,0.0,1.7568153590491618,0.0,0.0,0.6064457661780717
Brand B,2024-11-09,0.0,1.1226256506471022,0.47098957293204546,2.3348180952242577,2.187078778137799,5.20627233984339,28.23271576217864,8.386558408688932,114.55510170080358,0.0,2.916129654075034,0.0,0.0,0.8633305595961207
Brand B,2024-11-16,0.0,1.0868782331152709,0.49600112381971584,2.0370528422849237,2.1268781924431184,7.745550857999835,28.334454805900968,8.73914767622409,19.08005191693036,0.0,2.3368862122858465,0.0,0.0,0.7785422566477807
Brand B,2024-11-23,0.0,1.043326012737848,0.5056355830679249,2.266625556481251,2.501142193094531,8.10676878265892,28.334454805900968,9.56589894289435,22.63444400798891,0.0,2.366515066593904,0.0,0.0,0.7710621211395688
Brand B,2024-11-30,0.0,1.068876006313835,0.6019171131873091,2.0991556165572027,2.4512947330367516,8.10676878265892,28.334454805900968,9.28612243766365,16.045265296936083,0.0,2.393189579117635,0.0,0.0,1.0774090793164148
Brand B,2024-12-07,0.0,1.4666552427554131,0.9340171647387732,9.88023843614569,6.074867667445668,1.1306734023227945,28.435125579353446,8.505205977656301,12.947525933877133,0.0,2.336493259964134,0.0,0.0,1.147972347923863
Brand B,2024-12-14,0.0,1.3543281842321513,0.8899065988017426,11.78942660196186,6.126662516308525,0.0,199.00640636963828,0.0,12.689626720883064,0.0,2.336493259964134,0.0,0.0,0.5669783409584743
Brand B,2024-12-21,0.0,1.87770798319414,1.0048759559376714,12.871065231498612,6.9224435646810125,0.0,28.56378118766711,0.0,12.689626720883064,0.0,11.958387722962343,0.0,0.0,0.4870505210959323
Brand B,2024-12-28,0.0,0.30077023008657916,0.11977662061836553,1.6209313017013534,0.8058686493950589,0.0,28.56378118766711,0.0,12.689626720883064,0.0,2.336493259964134,0.0,0.0,0.05623128583045666
Brand B,2025-01-04,0.0,2.2461593965128843,1.8867043763561864,10.392129272937293,5.444002156200357,0.0,6.330574034247017,0.0,0.8523332311603848,0.0,3.1324178329640824,0.0,0.0,0.0
Brand B,2025-01-11,0.0,3.157097847392017,2.06355647889885,9.742563038011799,5.226310828967034,0.0,26.05169179774122,42.15250758078687,9.572820318557781,0.0,5.4809636541378035,0.0,0.0,1.515359028205104
Brand B,2025-01-18,0.0,2.4767527171836554,1.7021187360645618,6.3463847891147145,3.9353523690909906,13.0883435907358,29.720185117148688,47.6260584039004,16.286026962972304,0.0,5.076695383556621,0.4974783392176442,0.0,2.551396641696706
Brand B,2025-01-25,0.0,2.6235713276134107,1.5978713583268422,4.865537181853472,3.2784305691286826,21.07147700962605,29.720185117148688,44.84552562286662,26.666991327029063,0.0,5.866029458620513,1.1217898590068922,0.0,2.7736173406116396
Brand B,2025-02-01,0.0,2.78173769735881,1.342557594342988,3.8838795299458284,3.188220559658219,19.143137539516974,29.077272657624274,31.081620714387576,27.53271023785738,0.0,5.356061474806349,2.0013209551773676,0.0,2.7518333667878787
Brand B,2025-02-08,0.0,1.7410408584138983,1.3301025980621048,5.112741784659367,3.6923684467279845,17.539717615019395,43.2178863227454,120.81263944925213,25.57645949691481,0.0,4.249968968089772,0.7793660062345141,0.0,2.758265741312166
Brand B,2025-02-15,0.0,1.6222778061343543,10.324497438485443,6.644842611869235,4.2868272214363365,18.394800226822934,45.57465526598195,39.947644617809935,26.194384170799193,0.0,4.484565305551087,0.6839315500952637,0.0,1.7985700937041895
Brand B,2025-02-22,0.0,3.8514049476116012,2.266438275618027,10.540202828761151,6.5557378404923545,16.547854450906865,45.57465526598195,5.7649319765273015,8.999936692951684,0.0,4.213150194414471,2.6182587501852863,0.0,3.6861639204459684
Brand B,2025-03-01,0.0,1.8629930567480422,0.9008500215553792,7.801599541726199,3.427625620457818,4.0466087993140185,7.960782187852681,4.007175708866022,2.6252013051831806,0.0,1.1178382547255021,1.023364436602772,0.0,1.2312693776938253
Brand B,2025-03-08,0.0,1.5838011728226977,1.2534135168396259,5.9367695512956065,3.311775423674833,11.672936162979989,40.41997911428197,31.824227617512328,19.82923504495001,0.0,6.322145074073131,0.5423784837847477,0.0,1.887770045261417
Brand B,2025-03-15,0.0,8.054287111961425,1.3088218670487095,2.4451234205787284,1.4389530484609494,8.897381924501216,37.8690630908796,30.534730741129163,20.774125123606225,0.0,6.078867942015664,0.6844210062144801,0.0,1.5342026205947037
Brand B,2025-03-22,0.0,3.450103219502073,2.0420647742433786,9.11668832198083,5.398766418632279,15.490191659422226,37.8690630908796,4.316425903166697,7.739964615237106,0.0,6.080064050830013,0.4767232216592152,0.0,4.065146888708026
Brand B,2025-03-29,0.0,1.56525262563015,0.9057985626987913,4.400454280296993,6.778604270552009,29.81992097691202,37.8690630908796,24.266120320797686,18.804217076612193,0.0,6.080064050830013,0.3696791920211373,0.0,2.205172435720111
Brand B,2025-04-05,0.0,11.586583210021544,1.2239645771845544,2.2386169238503397,1.278164267042405,10.896746646696249,278.27262194554913,26.45193592314483,18.60587783588625,0.0,5.8134018845287585,0.35313860116218937,0.0,1.7584958936258486
Brand B,2025-04-12,0.0,1.388776964343252,0.9092765628696422,1.9813696802979623,1.7948519073917855,16.444127781208174,32.34867492369782,27.703510476369406,17.800493365570695,0.0,5.973045217188204,0.4058343342496489,0.0,2.294194706152556
Brand B,2025-04-19,0.0,2.1128179212881224,1.2238807222764752,1.716975524941096,1.61659031176927,19.498203192566905,31.743021579423004,15.658953110447449,13.66149704259952,0.0,6.0842274824221985,0.1537165035715795,0.0,1.8719365874441911
Brand B,2025-04-26,0.0,2.182770502708899,1.2586938400146275,1.3224221236400964,1.429385209818876,19.332667671736814,31.743021579423004,15.902487939179776,13.131484611804028,0.0,6.075053085589424,0.0,0.0,2.2775090506275424
Brand B,2025-05-03,0.0,5.734477078748318,9.027177823409893,1.5533349201013495,1.450551310457734,18.04297708842968,30.88418314416078,14.102568559621583,14.09506161667605,0.0,6.296147626617338,0.0,0.0,2.2740836219845657
Brand B,2025-05-10,0.0,2.119901364314425,1.223097605295526,2.1523156627460636,2.1634088630549293,14.570283272681001,216.15483896289118,45.3509197342172,24.694647502337155,0.0,6.046831423743764,0.0,0.0,2.428468672896861
Brand B,2025-05-17,0.0,1.0652813791122795,0.549325816238502,1.9363112187407208,1.8960935084273127,13.273112738730148,41.71815066306389,54.26005031609212,26.21821435112256,0.0,5.994467657938129,0.0,0.0,1.2277085708540656
Brand B,2025-05-24,0.0,0.7642826326562695,3.6269776579453317,8.881602743000784,1.7486300531604755,13.150153458607116,41.71815066306098,40.532243302544614,21.45657365143926,0.0,5.994467657938121,0.0,0.0,1.102958429174779
Brand B,2025-05-31,0.0,2.382653351395378,0.44327323995249635,1.6743798828016339,2.2130910443716334,13.150153458607116,41.71815066306389,36.519360610963695,20.224383545789706,0.0,5.992511332198499,0.0,0.0,1.070444616818249
Brand B,2025-06-07,0.0,0.7738314048546461,0.4400584022229212,1.8753172193218546,2.2670115765754963,3.9665705931149278,23.437785863744296,18.886906894569606,8.42390941326563,0.0,2.400687421983469,0.12089385602400443,0.0,0.7909708297634984
Brand B,2025-06-14,0.0,0.770389763740409,0.44342606766079246,1.5682637965087773,1.8936830059347078,3.979559774402657,63.093534972683834,23.785936980677356,8.144930329925693,0.0,6.780461099262343,0.8910257521109453,0.0,0.7045931822491388
Brand B,2025-06-21,0.0,0.7801430693269371,0.33715816502207313,1.997624511097407,2.1310329297188013,3.979559774402657,23.437785863744296,28.74896740863579,6.828817052321232,0.0,7.5151707112629,1.018816445426771,0.0,0.7099033058342791
Brand B,2025-06-28,0.0,0.772996477787851,0.28038242718500844,2.279590693449479,2.8136611577632022,3.8000634850753436,23.437785863747195,23.762841938074704,7.938175775263439,0.0,7.5151707112629,1.0308327990620947,0.0,0.7034178038780462
Brand B,2025-07-05,0.0,1.2717176709072064,0.3575953537226228,1.7286555131128483,2.114682481082892,3.82966705339261,16.55133117599796,21.069835242974413,6.286790669860706,0.0,6.312272292497824,1.1538923361424778,0.0,1.0825779439479881
Brand B,2025-07-12,0.0,1.3376459783909933,0.3977321213973396,1.1240134585905563,1.6725478933460196,7.329973296942097,30.769784021392983,21.21071272851795,7.067964015821649,0.0,6.382100306267518,1.3950096597211556,0.0,0.9800152348327286
Brand B,2025-07-19,0.0,1.7751575027973698,0.31318370895103387,1.4852946802111417,2.2825406429346407,8.205552072485444,33.32044447772266,18.972478681659794,9.083603680688629,0.0,6.4238264116568535,1.532137313493642,0.0,0.7318053164697526
Brand B,2025-07-26,0.0,1.3972407036170362,0.8679228864095959,1.8027916077512955,3.4711030816716497,8.13916800979306,33.32044447772266,16.93415907001073,9.328577190465683,0.0,6.4238264116568535,4.167835823473981,0.0,0.6372183739903532
Brand B,2025-08-02,0.0,0.10732328116279154,0.08013058372919586,1.193254952224588,2.6911910249828184,7.925199716023848,32.69862013048371,2.335350623353371,1.7643218561079823,0.0,6.30394530779358,1.552663673858101,0.0,0.10407500559570261
Brand B,2025-08-09,0.0,0.5341789412774804,0.6420843340937443,2.5633372517670634,2.846141136376385,6.754045740133112,30.0301703553374,11.017030299968944,51.16911721969554,0.0,8.301347410526173,1.5177183869482684,0.0,0.7812325436893302
Brand B,2025-08-16,0.0,0.36435746527110213,0.5894746763260685,2.5287800899453368,3.142476728785401,7.1509224033157555,29.5854287330475,12.241317398471248,5.567523599251727,0.0,9.014047324341355,3.8597128002122987,0.0,0.536319099421258
Brand B,2025-08-23,0.0,0.032734380133636026,0.05288380620714546,1.182613274101579,1.4901409189544148,1.0356286775433692,8.589415482649937,1.734190946850206,6.577195263744619,0.0,6.880786942631421,2.759275926331441,0.0,0.22591641191309
Brand B,2025-08-30,0.0,0.28580163928934366,0.36302757230885985,1.3279368743504087,2.449909907451664,20.013888696941116,66.25435507413235,36.62130346536202,21.85742418306664,0.0,9.42274260709051,2.3574044466087396,0.0,1.7389206761837503
Brand B,2025-09-06,0.0,10.732973023891796,0.25599597209135316,4.570889179386272,3.2944717025078445,0.0,17.051310397423904,34.35750389757965,15.106689672793218,0.0,3.624619126414648,1.8717923883433427,0.0,4.9296628280026065
Brand B,2025-09-13,0.0,0.4233264562717633,1.3009883513971046,3.0761560777585,2.200501553707433,7.115247908296432,19.893195450113065,21.533337477566448,13.563255154924573,0.0,6.946660467699153,1.5824413452127968,0.0,4.169047755154445
Brand B,2025-09-20,0.0,1.7501971577817859,1.6000413256526838,3.22209670438127,2.5897194829408914,9.15774961483623,19.892213183840212,16.749190939860952,11.238649038867477,0.0,9.72719584513549,1.0956326176214255,0.0,3.1005305072354825
Brand B,2025-09-27,0.0,2.1892442831837284,1.803844339467839,2.752047222183319,2.2331362034696816,8.41520165544973,19.892049481826827,16.046290960516178,12.6782135097335,0.0,9.147539755050383,1.1325951535894785,0.0,3.146823062639911
Brand B,2025-10-04,0.0,1.6234274655732537,1.652772818958037,2.5056135232884222,2.813500676227463,7.690291141241691,19.487496780531714,11.735650362987087,11.931238354882229,0.0,8.276349229396361,1.1135570733922682,0.0,2.863977542399364
Brand B,2025-10-11,0.0,1.151190157535426,1.247141372486607,2.9349619224083794,3.096325506017987,6.8440031864019915,18.89411848256969,140.71426353741217,11.691057416313422,0.0,8.140779693399631,4.738765267954168,0.0,2.4674996385601213
Brand B,2025-10-18,0.0,0.9085166336375486,1.379295698353094,2.668855783934269,3.0020137976569,6.602455795398887,18.795222097364015,17.631932450268085,12.933217983970305,0.0,8.260657353333341,1.1156730774774415,0.0,3.265293425654031
Brand B,2025-10-25,0.0,0.887404169311973,1.383300695403492,3.0339402370281134,3.7961352237823185,6.348097884956548,18.795222097364015,16.916718330837334,12.087711893576303,0.0,8.520835847863893,0.38741645874373737,0.0,2.187303175718707
Brand B,2025-11-01,0.0,0.881069536197139,1.3124810391564787,2.406669014991394,3.5466656842493105,6.079537987546336,18.365121403410924,16.870325939894318,7.946600165937673,0.0,8.236873483519595,0.2826397867012192,0.0,2.770858039001632
Brand B,2025-11-08,0.0,1.3739081491013576,1.4158415089888676,4.310111399469526,4.583627720029606,4.844256092997533,42.44180876749793,19.20435993294702,10.385462697043144,0.0,7.849116106499771,0.572291942904524,0.0,4.120832428067659
Brand B,2025-11-15,0.0,1.725386525199541,1.159472060124855,30.965497859105483,3.8412326006608617,4.637349314364242,22.66027561547251,18.789690733909595,10.951802423571012,0.0,7.788042013549612,0.7031631254058854,0.0,6.492894432310992
Brand B,2025-11-22,0.0,1.7542354400663562,0.8700681976665061,3.231768710672971,28.69285634855375,41.82918378545728,18.694556555846024,17.85484678156502,10.714543675497103,0.0,7.722824771988175,2.1167244937895773,0.0,13.585610927713784
Brand B,2025-11-29,0.0,1.8265283130692809,0.050693962757120695,1.3161832999035723,1.7490087976604243,0.6623978786833575,18.694556555846024,18.474727931762594,10.627909394085775,0.0,7.554414349864927,0.03538592559128404,0.0,0.9881792951881091
Brand B,2025-12-06,0.0,0.18456169774960782,0.0,0.2255646497974008,0.4732070649858852,0.0,19.888515332819544,5.043091958176339,2.9608354122637914,0.0,5.5377911851953385,0.0,0.0,0.2501305241465953
Brand B,2025-12-13,0.0,0.0,0.0,0.09342052820596891,1.4892737638584215,0.0,20.162699285723562,0.4083371438768372,0.24670990386450686,0.0,5.236342238495256,0.48002554391054764,0.0,0.0
Brand B,2025-12-20,0.0,0.7372589856376323,0.0,5.738860738167989,5.00432556547517,0.0,20.162699285723562,19.590346440182035,12.30289814135769,0.0,5.236342238495256,1.3274048711210917,0.0,2.3900688068952065
Brand B,2025-12-27,0.0,0.35240607268959956,0.0,10.005529819902884,8.615223843144799,0.0,20.162699285723562,23.42512999374911,21.960445735699086,0.0,5.236342238495256,1.835125435243509,0.0,2.773813619829061
Brand C,2023-01-07,0.0,0.4807852810931574,0.5001286379012047,2.499215095811026,1.9766590347427169,0.0,2.9104234964786766,3.801061948874955,0.0,0.0,0.5898096418643759,0.0,0.0,0.0
Brand C,2023-01-14,0.0,0.6946582281237075,0.6126948302059299,8.535652910219277,7.242884747800059,0.0,3.466141861759083,7.810457449009143,0.0,0.0,0.5898096418643759,0.0,0.0,2.233732471846961
Brand C,2023-01-21,0.0,0.48325221099578325,0.485439783452178,5.2642158433237904,3.71082819467809,0.0,3.641399888937275,8.4321788147284,0.7475633821416502,0.0,0.5898096418643759,0.0,0.0,2.593360524310392
Brand C,2023-01-28,0.0,0.42921741435952016,0.4853424119902367,2.8837066917548673,1.7794384901367544,0.0,3.8167950916498286,19.123493478764036,2.7591163864917783,0.0,1.0925908429282392,0.0,0.0,1.824540509469364
Brand C,2023-02-04,0.0,0.46375781102872254,0.5668881273519732,34.29738634828173,2.439604252298097,0.0,3.3416229675872957,8.033118593586854,3.218182342801031,0.0,0.0,0.0,0.0,0.6912115115107035
Brand C,2023-02-11,0.0,2.229494715653083e-06,5.7436697115581774e-06,12.211397602632683,2.8614575276631307,0.0,3.724054016054233,0.0,1.4286223221994947,0.0,0.9838689677719957,0.0,0.0,0.4907571903871224
Brand C,2023-02-18,0.0,0.23154510693558705,1.1309332843771642,9.635767277468865,1.9695834863158757,0.0,3.6999944574271253,3.234632940540589,1.178358719060319,0.0,1.046652404331164,0.0,0.0,1.0273082422978612
Brand C,2023-02-25,0.0,0.30115060868101406,0.30905146960532487,2.596525542158668,1.3765079169253753,0.0,3.469594774415153,2.457325449515905,1.174909029307973,0.0,0.9838689677719957,0.0,0.0,0.5991802369313055
Brand C,2023-03-04,0.0,0.28309505346393354,0.36816023223242156,0.5490752340582853,0.3204988587230078,0.0,5.311965574423276,0.0,0.4669246227930996,0.0,0.9227140487125162,0.0,0.0,0.0
Brand C,2023-03-11,0.0,0.28163908938235765,0.38500351933610033,0.0,0.0,0.0,5.759926673338007,0.0,0.0,0.0,0.45931242040989656,0.0,0.0,0.0
Brand C,2023-03-18,0.0,0.36048019479865523,0.3094157069005188,0.9603564100548704,1.133775401072584,0.0,5.776488117691258,3.2967690574525244,0.3323390097947158,0.0,0.45931242040989656,0.0,0.0,0.2612470852295784
Brand C,2023-03-25,0.0,0.30741173008975975,0.2632488043490764,2.245716568618024,2.1135651728639107,0.0,5.776488117691258,4.038587919689887,0.9736395524991658,0.0,0.45931242040989656,0.0,0.0,25.578203920585455
Brand C,2023-04-01,0.0,0.39247311051476014,0.44488805881375937,4.785174516432534,3.381363120956065,0.09877309116160388,4.22571416819275,5.7114432820962735,1.3072246390768256,0.0,1.1098655164655362,0.0,0.0,1.592846991538694
Brand C,2023-04-08,0.0,0.20103201670392024,0.3276311402503425,1.7148418378133232,1.5465159728877114,0.1386997156125764,1.6010949649289226,6.3861641382234735,0.9271510652864123,0.0,0.11388225332239546,0.0,0.0,2.0641802136058214
Brand C,2023-04-15,0.0,0.20042248979533525,0.33415921522668246,1.391114339527356,1.107698914717098,0.14617449009566014,1.1952978173033437,4.25996465947065,1.0697886831121484,0.0,0.0,0.0,0.0,2.0157329934110293
Brand C,2023-04-22,0.0,0.31958358295051875,0.8559486814223526,1.6901966558806418,1.5954680701009614,0.14291933900053821,1.3538347162339497,12.2247007406144,1.0470027270162676,1.381748582885916,0.0,0.0,0.0,2.057307872477033
Brand C,2023-04-29,0.0,0.5484088100013012,1.025987984070547,1.5891994078768172,1.5594117172086641,0.13418745559893708,1.5206324120555172,12.286988411120118,0.8553838581440887,0.2302914304809856,0.9643839907390419,0.0,0.0,1.9525275869501946
Brand C,2023-05-06,0.0,0.07837070162415966,0.38698947116692856,1.3941516954635675,1.5632816985037568,0.0006355069837359329,2.6113776291756765,5.561368058484336,0.10866861537779145,0.0,0.1482718420526855,0.0,0.0,0.6851272206276718
Brand C,2023-05-13,0.0,0.0,0.4893591136847959,0.37359896850687735,0.49123613914890424,0.0,2.998801936948887,6.787861204966123,0.0,0.0,0.0,0.0,0.0,0.5055542852370216
Brand C,2023-05-20,0.0,0.5150445709311665,0.12052674350340344,1.2366921800410131,0.8614356325538594,0.0,2.9572754632063063,18.33097199817779,0.0,0.0,0.0,0.0,0.0,1.0129697559886224
Brand C,2023-05-27,0.0,0.6574873918232131,0.0,2.8076770218978635,1.898613038971109,0.17967537297678465,2.762277966215768,10.70624681798355,0.9436132451637089,0.0,0.0,0.0,0.0,2.129027613420616
Brand C,2023-06-03,0.0,0.574921810394589,0.08594139942470126,2.111130677760138,1.351579606851976,0.20255675240204488,2.800499516283325,23.292382711221595,1.0409410283566347,0.0,0.0,0.0,0.0,1.4124547761201218
Brand C,2023-06-10,0.0,0.03655655141538321,0.04600259247886662,2.2769157148469157,1.6781746889284508,0.14010806073628293,3.619401722486869,9.805077955162867,1.0006600673692407,0.0,0.08112943036715164,0.0,0.0,0.8637759672108956
Brand C,2023-06-17,0.0,0.0,0.0,0.9512935411282829,0.39263000479385896,0.01983889173032846,4.183006395963047,5.922670959475062,0.14191515980416333,0.0,0.4547793695005694,0.0,0.0,0.5967801473952264
Brand C,2023-06-24,0.0,0.11915996711762868,0.13577706638976317,0.9758635947651316,0.945465843179183,0.08337356370453192,4.44820596812161,4.976830055794099,1.4095998384333754,0.0,0.5461228002947862,0.0,0.0,0.8732762316520162
Brand C,2023-07-01,0.0,0.1553325232235721,0.1742364204593032,1.959091009636403,1.5066638079626231,0.20621780083611435,6.018162275200249,1.055772730614584,1.5649501428962898,0.0,0.373747504377235,0.0,0.0,1.1664259283547826
Brand C,2023-07-08,0.0,0.19101884491959345,0.14964235345133112,1.5552758807932026,1.1574965571430587,0.0,20.951563019743745,11.928036635688924,1.5145354742837334,0.0,0.31635651357263256,0.0,0.0,0.4804917729986985
Brand C,2023-07-15,0.0,0.19548306068947105,1.4784073173864978,0.4094552931204555,0.31009522789473487,0.0,23.557236929850248,11.781647096700421,0.24235524773541364,0.0,0.5896164271878677,0.0,0.0,0.35910205242393367
Brand C,2023-07-22,0.0,0.026427900128334552,0.1773882289341275,0.6448406643907374,0.8159911871568337,0.0,23.843440090021687,11.427005509973384,0.0,0.0,0.6943652163562524,0.0,0.0,0.179209888804233
Brand C,2023-07-29,0.0,0.11738385444847885,0.29479990386695626,1.3855386753404562,1.8231833145770004,0.0,23.88651613780234,9.239991499208223,1.431289944140256,0.0,0.6644003676064313,0.0,0.0,1.0652449352928175
Brand C,2023-08-05,0.0,0.3631117014665308,0.284890927944335,1.3546288895112193,1.8413166556331215,0.0,8.039165372761376,8.636802118333689,17.100986349754347,0.0,0.43314137996945223,0.0,0.0,1.168855558405285
Brand C,2023-08-12,0.0,0.09543103104236109,0.13046107198985932,1.3212601595298363,1.7433877258640489,0.0,3.4513320344250817,1.2407539000135268,2.8127784214790577,0.0,0.05746738783682819,0.0,0.0,0.16814758727701934
Brand C,2023-08-19,0.0,0.07669135820938917,0.13883051029129437,4.946168832286316,0.23858317241447455,0.0,3.0873100891271577,0.0,0.0,0.0,0.0,0.0,0.0,0.0
Brand C,2023-08-26,0.0,0.1324933710885342,0.20576713879802228,1.2337073970296408,0.6852886360175283,0.0,3.7398258294949374,9.763814387807775,5.267194495694215,0.0,1.2327154143866872,0.0,0.0,0.5476115570476197
Brand C,2023-09-02,0.0,0.5398609488390596,2.8003194359580332,1.3563306906383188,1.038597371945069,0.0,5.070838173253364,9.969455709598826,4.546702476062251,0.0,1.2777585243664193,0.0,0.0,0.7257024313851687
Brand C,2023-09-09,0.0,0.5446489257946538,0.2850169393001365,1.092550659366127,1.0218378100251524,0.0,6.986037806216152,5.354118845184125,2.458553817823913,0.0,1.3379244344697776,0.0,0.0,0.6625133408103376
Brand C,2023-09-16,0.0,0.4326862687466947,0.27340790012669197,0.827679485896038,0.6261423093608702,7.550898084632102,8.808826785095093,4.849884622531632,2.2371256473193784,0.0,1.3479875459099266,0.0,0.0,0.646253773924578
Brand C,2023-09-23,0.0,0.4041004498579353,0.39652674409393623,1.01408126275243,1.0234815138303381,8.854164578972348,10.103096536719823,4.659465650712827,2.802082371368376,0.0,1.1000451267742328,0.0,0.0,0.5412876587996595
Brand C,2023-09-30,0.0,0.05487849121189886,0.0,0.9393555220260498,0.7799225859668892,11.739296363500955,9.40076811103091,0.6600703960479867,0.4133477002629957,0.0,0.1512459128827714,0.0,0.0,0.22791684691237007
Brand C,2023-10-07,0.0,0.0,0.0,0.6916339370551984,0.6264371161320096,7.180224827450507,8.059430107532794,4.960945099858762,2.3707877626329372,0.0,1.0285664701900452,0.0,0.0,0.45514525037284914
Brand C,2023-10-14,0.0,0.0,0.0,0.7934612145510577,0.554333076294213,8.087315723021833,7.305368143456265,4.098004268234955,6.111052867608863,0.0,1.11052334685871,0.0,0.0,0.5659864178026859
Brand C,2023-10-21,0.0,0.0,0.0,0.7067065661588776,0.501617746201659,7.956986570758415,6.461141998855759,4.29545719141549,1.9308773124914609,0.0,0.8602652524205456,0.0,0.0,1.4152602808613988
Brand C,2023-10-28,0.0,0.0,0.0,0.784473844113788,0.5512562707464629,8.087315723021833,6.092671290507378,4.70897540716527,2.7330716001467463,0.0,0.765423109862232,0.0,0.0,0.6798410995923915
Brand C,2023-11-04,0.0,0.0,0.0,0.9534994585982874,0.331503323542471,0.0,5.9718890691098805,0.0,0.0,0.0,0.0,0.0,0.0,0.8662581310015529
Brand C,2023-11-11,0.0,0.35849342890944313,0.0,1.285508073100134,0.570519426743964,5.4360064813065145,5.692588152241649,2.139011138822138,1.7213845848846816,0.0,1.3749225568357282,0.0,0.0,0.15160659426356898
Brand C,2023-11-18,0.0,0.36478788667654716,0.0,1.6416878500837797,1.0445999110812163,5.8444111472566345,5.739921111991268,3.9473264846021467,2.188912229324633,0.0,1.4879760601048502,0.0,0.0,0.5049323645845044
Brand C,2023-11-25,0.0,0.37153915636544604,0.0,0.5803604618430074,0.525460922152111,5.4236010875906855,5.916990304336069,2.214257548677185,2.230425289133426,0.0,1.4777287998729132,0.0,0.0,0.9162100081216034
Brand C,2023-12-02,0.0,0.37577586455583184,0.0,0.7871606605515367,0.8774214196794835,0.0,5.667698463387688,1.6809138255399272,0.7485531730614142,0.0,0.7975891049078259,0.0,0.0,0.688846539707619
Brand C,2023-12-09,0.0,0.25597022324825297,0.6062626632428957,1.9817303621634441,0.7304242792602705,4.110820602076073,8.017797218161094,1.4513343278826614,1.620421949923237,0.0,1.178015729092436,0.0,0.0,0.7232987521557859
Brand C,2023-12-16,0.0,0.25597022324825297,0.6062626632428957,1.8536461893161034,0.7762854816801609,4.110820602076073,5.308834536544103,1.4513343278826614,1.620421949923237,0.0,1.178015729092436,0.0,0.0,0.70559700399222
Brand C,2023-12-23,0.0,0.25597022324825297,0.6062626632428957,1.8108564781352487,0.7300860722092705,4.110820602076073,4.793907431144077,1.4513343278826614,1.620421949923237,0.0,1.178015729092436,0.0,0.0,0.6707411178108955
Brand C,2023-12-30,0.0,0.25597022324825297,0.6062626632428957,1.4590723406620356,0.110612389509903,4.110820602076073,0.6848439187470945,1.4513343278826614,1.620421949923237,0.0,4.884544009840069,0.0,0.0,0.26752630731986166
Brand C,2024-01-06,0.0,0.0,0.0,1.0999539210033202,0.9593344315029889,0.0,12.198410159489123,0.0,0.0,0.0,0.0,0.0,0.0,0.6696840653050952
Brand C,2024-01-13,0.0,1.170294290601095,0.0,1.7960790182778952,1.2301013415008644,0.0,102.7584152479775,0.0,0.0,0.0,0.0,0.0,0.0,0.9116492881711611
Brand C,2024-01-20,0.0,15.083893345217042,0.0,1.9042659902238688,1.2895221493645812,0.0,12.885547455525417,0.0,0.0,0.0,0.0,0.0,0.0,0.8955519267420131
Brand C,2024-01-27,0.6656587619215721,1.5037512029830542,0.4606889995243673,1.5963531867524472,1.0586854666527428,0.0,13.197799624586278,0.0,0.0,0.0,0.0,0.0,0.0,0.6661522859503918
Brand C,2024-02-03,0.8894761143660487,1.3662337564223423,0.7520505684102173,1.3977610395517788,0.9766202952190792,0.0,11.218524026476333,0.0,0.0,0.0,0.0,0.0,0.0,0.5047814722685731
Brand C,2024-02-10,0.9215328062552988,1.2013089138284243,0.46453476916714354,1.1085572434470679,0.7898251844417604,0.0,10.625583883980434,0.0,0.0,0.0,0.0,0.0,0.0,0.4905760905748734
Brand C,2024-02-17,0.9200532669902295,0.11010307351858103,0.7232361772965363,2.3290916532047783,4.141383937529232,0.0,10.520282249674816,0.0,0.0,0.0,0.0,0.0,0.0,0.513276293381078
Brand C,2024-02-24,0.9200532669902295,1.0879886223919522,0.7282458626090016,2.1400800883103304,1.7425556547358,0.0,10.520282249674816,0.0,0.0,0.0,0.0,0.0,0.0,0.49787664293758677
Brand C,2024-03-02,0.8582050032829999,1.7315819765914344,0.6187031476530979,1.8350824658804497,1.625046422598605,0.0,85.35970697730215,0.0,0.0,0.0,0.08421449702550733,0.0,0.0,0.419665617575952
Brand C,2024-03-09,0.38891798142530937,1.1177767830661625,0.49779562671691313,0.605573382900922,0.5563889245559576,2.95744282387475,13.723208405893049,3.548821404100479,2.7698135405804063,0.0,0.3488677877955192,0.0,0.0,0.4950589682515345
Brand C,2024-03-16,0.044204746649699166,1.0517423810665893,0.49781899030408827,0.4193036636451845,0.3482989718315352,4.558486162406025,9.550535823791245,4.517002176270846,3.0518406543458374,0.0,3.9995387683566204,0.0,0.0,0.6349699116101232
Brand C,2024-03-23,0.0,0.9972031502246633,0.49403563005385226,0.19189494527473583,0.2507471523320229,25.488274451434094,8.91389539819857,6.2394783711200565,2.9380672842494318,0.0,0.8867902036660497,0.0,0.0,0.4994749890833839
Brand C,2024-03-30,0.0,0.9792385733148108,0.4915065948720198,0.4098943452614617,0.42984739457266513,2.7559043664219818,9.550535823791245,10.997422164760911,4.6336262396586045,0.0,1.1173141418568326,0.0,0.0,0.6069596255434607
Brand C,2024-04-06,0.0,1.121614396429311,0.9523369528756697,0.3528909948669934,0.3294001930589084,1.1112243375943922,16.43957301770028,7.663996114629675,17.40823099368493,0.0,0.5775451610129866,0.0,0.0,0.14135198112971634
Brand C,2024-04-13,0.0,0.6451433104600396,0.21016170095305173,0.2295915741075312,0.13597825278445794,0.13046251158421923,113.472499341879,1.2917038398841407,27.428105744025004,0.0,0.20256259874068547,0.0,0.0,0.0
Brand C,2024-04-20,0.0,0.2935092780964677,0.009443767924190704,0.2871233411081357,0.26505149503273817,1.4478348640228924,16.530477370935387,4.736038565748875,2.432267634348414,0.0,0.4246252696049671,0.08080750964236712,0.0,0.3061631582729858
Brand C,2024-04-27,0.0,0.4494875811877818,0.03591152418084037,0.3786243810504947,0.3366502106665397,3.519557295062515,16.530477370935387,33.21280715372698,4.162428726030665,0.0,0.4617665204633396,0.16637580974167662,0.0,0.38540661699663536
Brand C,2024-05-04,0.0,0.23001312396043624,0.2671752148318154,0.27537671415727316,0.27912205876152935,3.6109678250337747,15.125682409028252,3.5008970466950196,11.900972671789797,0.06575852517261202,0.15560045507529238,0.14566274744282234,0.0,0.0
Brand C,2024-05-11,0.0,1.2585897105690784,0.005263595397120329,0.1435430867302749,0.1628164124822798,3.3973542538497115,12.428227907397547,2.1795409775715613,3.1001098735157298,0.07671827937566167,0.4749575360411968,0.016556287780367576,0.0,0.19209417171867732
Brand C,2024-05-18,0.0,2.0624039763986426,0.0,0.2146792816532994,0.18169584885755238,5.709488567257473,11.980410899183095,2.338205977654109,3.6772419431452366,0.07671827937566167,0.7175483617627212,0.0,0.0,0.22309182970479274
Brand C,2024-05-25,0.0,1.746392902884941,0.0,0.21218502109398918,0.17558817810138416,5.081816183039542,12.018210486688933,2.2649933771711637,1.3457459494690347,0.07671827937566167,0.698797849934986,0.0,0.0,0.22806819498822814
Brand C,2024-06-01,0.0,1.652974945508191,0.0,0.3557590055617194,0.34463241992535465,4.280619789564812,10.231100543026995,0.5619865850306268,3.172800894171415,0.06312232971647501,0.44114182809004815,0.0,0.0,0.18416367171645762
Brand C,2024-06-08,0.0,0.2780326613033458,0.0,0.4177877825830538,0.8623746561584458,4.3849622533469015,11.652536662300573,1.765971757500206,3.161783122337225,0.0,0.6605001866293206,0.0,0.0,0.15719645480190247
Brand C,2024-06-15,0.0,0.8670398267952106,0.48595091717571154,1.6405628151434493,0.5815737923257652,3.8760750442293657,10.471495011682277,1.765971757500206,3.161783122337225,0.0,0.6220260469440504,0.0,0.0,0.04332118566645289
Brand C,2024-06-22,0.0,0.9731157849052077,0.5428491496996963,3.616040001260852,0.6209524980364105,3.8760750442293657,10.471495011682277,1.765971757500206,3.161783122337225,0.0,0.6220260469440504,0.0,0.0,0.0
Brand C,2024-06-29,0.0,0.9352360618858099,0.5384374970435155,0.2475437966532387,0.3800327864490252,3.8760750442293657,46.501065188908626,1.765971757500206,3.161783122337225,0.0,0.6220260469440504,0.0,0.0,0.0
Brand C,2024-07-06,0.0,0.9181191495562111,0.051479440128982354,0.03951355596825689,0.11949069687528611,3.27108339293699,5.136725226960488,4.0298396781329915,5.88824755139297,0.0,0.0,0.0,0.0,0.0
Brand C,2024-07-13,0.0,0.6183425967173057,0.0,0.0283126084280049,0.18103821516764504,3.8162639584963722,5.992846096023866,4.701479624348698,6.86962214608742,0.0,0.0,0.0,0.0,0.0
Brand C,2024-07-20,0.0,1.2478095656716757,0.4516859560392676,0.24212234670333674,0.44751308071475243,3.8162639584963722,5.992846096023866,4.701479624348698,6.86962214608742,0.0,0.0,0.0,0.0,0.0
Brand C,2024-07-27,0.0,1.249141702395863,1.6703746601735294,1.4518139941994623,1.5431650380257242,3.8162639584963722,5.992846096023866,4.701479624348698,6.86962214608742,0.0,0.0,0.0,0.0,0.0
Brand C,2024-08-03,0.0,1.1517563600702372,0.707519224430314,1.0494546384912804,0.9689885642292615,0.5240562073171366,4.421237746000468,0.645615609087869,0.9433488264694638,0.0,0.0,0.0,0.0,0.0
Brand C,2024-08-10,0.0,2.017364425608172,0.4963356381274292,1.9157735997078613,1.467518523644379,0.0,5.945804296511898,0.0,0.0,0.0,0.0,0.0,0.0,0.0
Brand C,2024-08-17,0.0,0.7813193446123582,0.6115280162520083,0.5404422087988894,0.4215415627823233,4.362469751689937,6.237104298828538,1.9959532912581028,5.079004852193695,0.0,0.0,0.0,0.0,0.5729322279129232
Brand C,2024-08-24,0.0,0.7002306905500734,0.541177483672163,0.5219171037951295,0.4237430786492545,5.08954804565374,6.237104298828538,2.32861217353754,5.925505661564463,0.0,0.0,0.0,0.0,0.9053820967699904
Brand C,2024-08-31,0.0,0.7039643891985163,0.5889720436550304,0.29759117293974785,0.25571384760083626,5.08954804565374,6.237104298828538,2.32861217353754,5.925505661564463,0.0,0.0,0.0,0.0,0.9246314273942879
Brand C,2024-09-07,0.0,0.7931522477611082,0.7012944548765186,0.4323886110233089,0.23737248928696114,33.13649210552677,5.2382723933530135,2.1759328352276737,6.381003721242798,0.0,0.0,0.0,0.0,0.7360219899466066
Brand C,2024-09-14,0.0,1.067340969748481,0.7885632934229266,0.7231556526432463,0.5873877715424715,3.7477199101458445,5.4322584480304235,2.229318492919512,2.959201632099948,0.0,0.0,0.0,0.0,0.6888117964387818
Brand C,2024-09-21,0.0,1.0936175588340094,0.9466169227748985,0.8032743036600616,0.7275910200183987,3.65579806677145,5.4322584480304235,3.4577907735396867,2.980971503661574,0.0,0.0,0.0,0.0,0.6816685135222263
Brand C,2024-09-28,0.0,1.0439829762273958,0.667158091496249,0.8063134973394529,0.795654879045033,3.676091611459033,5.4322584480304235,24.832787508063433,1.9861783681200231,0.0,0.0,0.0,0.0,0.04495403572515684
Brand C,2024-10-05,0.0,0.6880294146230863,0.6863827083762392,2.2499164363983053,1.589165667067081,0.5083897111493967,5.21442333511365,3.0560988295133344,0.6572660092146198,0.0,0.0,0.8268080883874082,0.0,0.14831751614754896
Brand C,2024-10-12,0.0,2.268480925994591,0.8857954247347105,1.2634716568717468,1.1670618808117117,4.60540797238309,5.430896273564994,4.7922984778973,3.286315619895043,0.0,0.0,0.685395842030421,0.0,0.4446353669782121
Brand C,2024-10-19,0.0,1.9530939210458247,0.7827918832853448,0.37640388631932764,0.41662673296774794,4.345626205505466,6.253890745017775,5.195476145709618,2.422977918080342,0.0,0.0,0.22296147879918976,0.0,0.07829885522302944
Brand C,2024-10-26,0.0,2.153630170599222,0.775230492500087,0.212677617581497,0.3174746431317348,3.5721615473672763,6.384878086919553,5.203575203159717,4.116114162599591,0.0,0.0,0.18553559562014216,0.0,0.9732833864656127
Brand C,2024-11-02,0.0,1.8656446042373718,0.8006356225960737,1.5864733374508284,1.4659550845201794,0.48296947881820373,6.217518768988993,2.837462016934227,3.2884217955878405,0.0,0.0,0.5741113430259228,0.0,0.5672892994040504
Brand C,2024-11-09,0.0,2.7285626453377807,0.5179250351611583,0.5739731339132411,0.7050330565220605,3.6503075840586976,7.561297390663682,4.072378629472346,3.107094382811253,0.0,0.0,0.23029147292770777,0.0,0.38183939482826396
Brand C,2024-11-16,0.0,8.366778012516225,0.6173959295220309,0.4800473380073871,0.7302481721057076,4.09741721581301,7.7316841613030345,4.402741420660804,25.060703424984556,0.0,0.0,0.31567768329587553,0.0,0.23407724515439807
Brand C,2024-11-23,0.0,1.9477631229377828,0.6370762882974736,0.42740103004456265,0.7913680597427872,4.282307864731238,7.785260487630569,4.392270508410125,2.5756561840242096,0.0,0.0,0.26934692409257227,0.0,0.3382346441684199
Brand C,2024-11-30,0.0,2.8462908024513727,0.6349322880027802,0.42287285468273406,0.8508465332520129,4.298115803255589,7.721408132406048,4.3847817477106075,2.6506959992980454,0.0,0.0,0.5394693929414612,0.0,0.3012188657383972
Brand C,2024-12-07,0.0,1.7734968697318407,0.9270477398187394,0.33509443797712596,0.6232699055624589,4.1628463492923915,8.958261690897443,2.180038441408551,6.64600020771194,0.0,0.0,0.7467245034026821,0.0,0.39665425313794245
Brand C,2024-12-14,0.0,1.861784278311974,1.1111091642600701,0.41239380390108943,1.012018202504314,4.000346563241275,9.196623192324855,1.8911102499598567,3.164634432184884,0.0,0.0,7.390105066099574,0.0,0.26346635459496465
Brand C,2024-12-21,0.0,1.7262603300180492,0.981515244505348,0.2994754991898728,0.8417665061659785,4.180857024592662,9.196623192324855,1.8808871182156675,2.006752922721204,0.0,0.0,1.0689752507411128,0.0,0.23234367920253188
Brand C,2024-12-28,0.0,1.780552074759099,1.2457615354259808,11.72084448781969,2.756230964141484,4.196290462101487,9.248930258007954,1.873575724157771,0.5226896504187218,0.0,0.0,9.20566599547721,0.0,1.160313886093531
Brand C,2025-01-04,0.0,1.0080752361151826,0.8455583068542466,1.551654652507749,2.737322823970475,0.0,10.737237715821792,0.0,0.03988372661499039,0.0,0.0,1.6034283392082902,0.0,2.8372989558409083
Brand C,2025-01-11,0.0,1.4093033065818585,1.002782070016559,1.6404754042213565,2.292927525656433,0.0,10.422049669482755,0.0,0.0,0.0,0.0,1.4610801666059414,0.0,2.5097145925757474
Brand C,2025-01-18,0.0,1.0556197444015254,0.7034021517974631,0.9775671708422983,1.6281131232093422,3.260840797020861,10.422049669482755,2.2421910548498127,1.3636263396767672,0.0,0.0,1.31069786730693,0.0,1.6870511210191863
Brand C,2025-01-25,0.0,0.9313303585803022,0.5833169578624383,0.7415175669176178,1.3093866469873998,4.1273553690706635,10.422049669482755,3.026273067844444,2.297887203876581,0.0,0.0,1.1942423441069583,0.0,0.8761586280936368
Brand C,2025-02-01,0.0,1.1319421197506347,0.5635612085932985,0.799830306653151,1.1417898174158063,4.04955011516174,10.196597992116626,2.6986901993868875,2.6963384418187073,0.0,0.0,1.087998481519613,0.0,1.412806806635245
Brand C,2025-02-08,0.0,0.6205638420485047,0.4169146596852948,1.605300801407127,1.1623723132842576,3.950762188309872,10.703095390796324,2.709996971314004,8.195008257568006,0.0,0.0,1.0351662142120208,0.0,1.6653796949377306
Brand C,2025-02-15,0.0,0.5738123812287836,0.40175156292936826,1.6494854343801144,0.9875213161269475,4.225795872209423,10.7875116237305,2.766471223566957,2.276117007955487,0.0,0.0,1.1958743943795167,0.0,1.6072095958053756
Brand C,2025-02-22,0.0,0.5185793420848254,0.3713247561371209,1.7757769690090588,1.0479713765177046,3.6730254247811422,10.7875116237305,2.8247292487014426,1.7588862037187585,0.0,0.0,0.9182167410774418,0.0,1.3209174654043083
Brand C,2025-03-01,0.0,1.2617669914986656,7.281545422496936,2.527408693835014,1.6791334436346117,0.0,1.491207773156659,0.0,0.059054980108390394,0.0,0.0,2.1152219231663443,0.0,1.611071605146488
Brand C,2025-03-08,0.0,1.5128036963944755,1.1365407738618882,23.417407408461358,1.7806091600040448,0.0,7.705938267480168,0.0,0.44604159693886564,0.0,0.0,2.2838132656998957,0.0,2.2026746772078236
Brand C,2025-03-15,0.0,0.694321204852353,0.5789160714317697,0.7234339840060181,0.6947566316872095,0.0,7.2505189094404345,2.358031010482521,1.635515510186278,0.0,0.0,0.6199806751945316,0.0,4.95808012844128
Brand C,2025-03-22,0.0,0.13378165105733902,0.09353738061297964,0.3589289428030905,2.8141945419313363,0.0,7.2505189094404345,2.4289253691855075,14.797789646983775,0.0,0.0,0.41223686507023233,0.0,0.16786307199064185
Brand C,2025-03-29,0.0,0.09073294404929727,0.05300088232233077,0.34251750887935234,0.5754256525732077,0.0,7.2505189094404345,0.716706692259284,1.694728423328985,0.0,0.0,0.3737811361911028,0.0,0.14156423411070312
Brand C,2025-04-05,0.0,0.006997687019089862,0.0042964663939783106,0.30218169333935735,0.3030077195561401,0.0,5.607724430017951,0.40244660306624075,0.23837662934840323,0.0,0.0,0.05024081214672589,0.0,0.017939915757855855
Brand C,2025-04-12,0.0,0.0,0.0,0.3065502792302997,0.22574874190834063,0.0,6.556168248477815,0.0,0.0,1.1275417024184926,0.0,0.0,0.0,0.0
Brand C,2025-04-19,0.0,2.3831186629910723,1.659137455920856,0.8538765290679161,1.6280783671408023,0.0,6.752634777847439,0.0,0.0,0.1879236170813773,0.0,0.5588678795208899,0.0,0.11541458521379183
Brand C,2025-04-26,0.0,23.728238840675342,0.03455467477272731,0.842711662969942,1.8582902104595034,0.0,6.7526350077750195,0.0,0.0,0.0,0.0,0.4575317815867594,0.0,0.031963622880911396
Brand C,2025-05-03,0.0,2.2066668549572794,0.28869208091842224,1.908030251980322,2.9439752225382603,0.0,6.569935903723282,0.0,0.0,0.0,0.0,0.5160942065235778,0.0,0.0
Brand C,2025-05-10,0.0,0.046074743709223744,0.02846161527688316,0.4076238964492393,0.5611895840435849,0.0,6.2395182579272275,0.0,0.0,0.0,0.0,0.06287602981882864,0.0,0.0
Brand C,2025-05-17,0.0,0.4464915557372967,0.28364848518593566,0.13081433098244286,0.05131972868774279,0.0,6.18444865020507,0.0,0.0,0.0,0.0,0.0,0.0,0.0
Brand C,2025-05-24,0.0,0.5002713547128201,0.31297500010132767,0.6016944883659348,0.4893369779204698,2.4126540070713043,6.18444865020507,2.8841622394055118,2.0821161705231,0.0,1.3995897649420455,0.0,0.0,0.0
Brand C,2025-05-31,0.0,0.4873608057313198,0.35252415258666014,0.7826609154043411,0.6530054311988241,2.917267090881478,6.18444865020507,3.467318955398022,7.204484558125796,0.0,2.0310665038717133,0.2798394895994655,0.0,0.0
Brand C,2025-06-07,0.0,0.3246525424096376,0.15988891354477666,0.7995096218839524,0.5583643334964544,3.127037273572624,5.019807837659674,3.270034864752575,8.370982308461748,0.0,1.9595594730821655,0.3309855160612554,0.0,0.1378850046313302
Brand C,2025-06-14,0.0,0.3268430645667374,0.15330763428573382,0.8070117213971276,0.6332770941147045,3.2026189392755056,4.5870377775120765,4.176303137882767,2.8927105567600755,0.0,1.9549981557378189,0.3199384595568291,0.0,0.15814387466979382
Brand C,2025-06-21,0.0,0.29448242544577574,0.16034798930744926,0.7441611597351594,0.46207149198785014,0.45837971929473315,4.5870377775120765,6.451339652576444,1.966084029100462,0.0,9.672377281833967,0.33832232764474285,0.0,0.21892709612334138
Brand C,2025-06-28,0.0,0.3253170889262217,0.0764203547857697,0.7284584668967488,0.45906528682781356,1.9633014718742683,4.5870377775120765,5.898888562386839,1.966084029100462,0.0,3.1991790053366254,0.3302254334043605,0.0,0.23191299664014833
Brand C,2025-07-05,0.0,0.3797886542965089,0.021999702388907274,0.8409777389638757,0.5630195389280976,2.1460143538955423,4.513960153215612,8.126055352739845,7.292961872108582,0.0,2.1730746516867145,0.21471274529911505,0.0,0.22423565382189714
Brand C,2025-07-12,0.0,0.33709683113861855,0.13172417291243319,1.0920850920768803,0.9685187495955435,2.576491275888042,5.561644183782201,6.719791085370891,7.97097521466121,0.0,2.1455748552623866,0.2412743609415842,0.0,0.23135655465341148
Brand C,2025-07-19,0.0,0.3088878539070964,0.058251892791295286,6.031237553601256,1.5750849059576497,2.5266454238937763,5.736258188841718,4.032244236974882,3.440911994010815,0.0,1.7601081222020898,0.31931741383943485,0.0,0.23080994276211242
Brand C,2025-07-26,0.0,0.32241634201210523,0.10403212679035057,0.7525075606670165,1.0396566105870986,2.526623734295524,5.736258188841718,3.639554010972205,2.878912443794275,0.0,1.9200819508302251,0.3214906482304905,0.0,0.23064536364379082
Brand C,2025-08-02,0.0,0.4795195488358293,0.15769140820659291,0.6949872402473645,1.032136038249282,0.3546949688708676,5.629208446265364,3.4109501148089234,3.5237425087687493,0.0,0.2743673782302497,0.252835676400896,0.0,0.13520838776359986
Brand C,2025-08-09,0.0,0.225155065283168,0.18182921195210033,0.7103869544562829,1.0170211447108937,0.0,6.023675699234898,3.0497808558944848,4.126501507072062,0.0,7.449608497671341,0.0,0.0,0.0
Brand C,2025-08-16,0.0,0.20817875752696244,0.1627291374559325,0.6431133061964268,0.973769836455458,2.5838079297636805,6.119931709066179,2.972000912945061,3.9226695757372,0.0,1.2416014164742724,0.0,0.0,0.0
Brand C,2025-08-23,0.0,0.20695302667993087,0.15751624287527702,0.6608249576889227,0.9281068008565453,3.0259618077380144,6.125016953744673,13.423954530630706,2.9419608986562986,0.0,0.0,0.0,0.0,0.0
Brand C,2025-08-30,0.0,0.2138120652376934,0.15213318002315898,0.5620629503767427,0.8830114705987994,3.0404864158682208,6.125016953744673,11.224014193026308,2.880559066395947,0.0,0.0,0.0,0.0,0.0
Brand C,2025-09-06,0.0,0.48666543811812507,0.7191987873866936,0.5741957450208209,0.6163068920481081,2.3769745690866833,40.98350418792287,5.7171054752694195,3.8631088840834753,0.0,0.0,0.0,0.0,0.0
Brand C,2025-09-13,0.0,0.5446607793738838,0.8004448560553646,0.42794742038888206,0.5059622479374948,2.865367921603928,4.981820805213887,6.42014769299952,3.0252214020300534,0.0,0.0,0.0,0.0,0.0
Brand C,2025-09-20,0.0,0.5642860108075757,0.9443909165187961,0.5632037845920251,0.5750167630741719,2.9800530177346043,4.981820805213887,6.335418599375039,2.1162402673214133,0.0,0.0,0.0,0.0,0.0
Brand C,2025-09-27,0.0,0.6369126089664983,0.9550145429257797,1.31408691557905,1.459751488965856,0.4280864614886099,4.981820805213887,4.100615613117187,0.28655754675317635,0.0,0.0,0.0,0.0,0.0
Brand C,2025-10-04,0.0,0.14420967316563446,0.5292102083437037,0.4498747647699817,0.33960514814721104,0.0,4.880503489169665,7.6140174248279076,0.0,0.0,0.0,0.0,0.0,0.0
Brand C,2025-10-11,0.0,0.34424366698572045,0.2647977880655648,0.5714305713930357,0.5468684162597632,0.0,5.685502481728566,12.00024941510678,6.090286749125537,0.0,0.0,0.0,0.0,0.0
Brand C,2025-10-18,0.0,0.6166810312421119,1.2491539663218603,1.2630668052698386,0.9240472669781605,1.9982190489989788,5.819668980166089,12.55535801760954,6.173200738000086,0.0,0.0,0.0,0.0,0.0
Brand C,2025-10-25,0.0,0.46368713795572464,1.2682737620118596,0.8625217076770942,0.9510181903359719,17.673234476434605,6.403410316184353,51.654541572797335,6.177444733929437,0.0,0.0,0.0,0.0,0.2544266909045209
Brand C,2025-11-01,0.0,2.723392515514791,0.7179580831553958,0.5836146033859755,0.8230195543867898,2.998922111565638,6.3519416787006255,14.649628000634719,4.51739361013543,0.0,0.0,0.0,0.0,0.31694892296600297
Brand C,2025-11-08,0.0,0.7005546221760047,0.9378898240941576,0.4829568764362545,0.800170930957277,2.9985412215578413,6.215211135932865,11.918372378706072,3.988675771412635,0.0,0.0,0.0,0.0,0.4372396202147843
Brand C,2025-11-15,0.0,1.0399498943369538,0.8145259828762192,0.4953221124044231,0.5580631215798033,2.998477740193296,6.192422712099605,11.853016460273574,4.8969919853132975,0.0,1.447534377529332,0.0,0.0,1.0703108650673985
Brand C,2025-11-22,0.0,1.093337822646987,0.851946896165728,0.39931328228134183,0.4763618832406203,2.998477740193296,6.192422712099605,11.604892231953166,3.4794745276698182,0.0,1.7726340497394617,0.0,0.0,1.3594679129842664
Brand C,2025-11-29,0.0,1.0351312603854566,0.3955033122084635,1.2285909719874715,0.2737746427974105,2.998477740193296,3.0962114939725933,11.441950007190988,1.8255669665276997,0.0,1.9162138418965637,0.0,0.0,0.6714843674477672
Brand C,2025-12-06,0.0,0.6678787935264487,0.04973030561242218,0.09298825192186758,0.08100438898038978,0.4180167445373441,6.108853689391167,12.296262854916616,3.1537856450782376,0.0,0.2701500922121281,0.0,0.0,0.22615487095341083
Brand C,2025-12-13,0.0,1.068158330494389,0.0,0.06944026321853826,0.11395966552398613,0.0,6.119831877925558,10.60034269705967,3.2009753217878587,0.0,0.0,0.0,0.0,0.7420752601356706
Brand C,2025-12-20,0.0,1.7535263941814687,0.0,0.09867858636883158,0.1507894800683296,0.0,6.119831877925558,14.405598011436933,2.0633012534588984,0.0,0.0,0.0,0.0,0.7837166123505686
Brand C,2025-12-27,0.0,0.095992289615954,0.0,0.09362046327342886,0.05772080538902816,0.0,6.119831877925558,104.34034038730609,1.9057520499550555,0.0,0.0,0.0,0.0,0.02372600691248797
Brand D,2023-01-07,0.0,3.3775757801150536e-06,4.711267805248527e-06,0.668283702907136,0.37607493265883213,0.0,0.0,0.0,0.0,0.0,0.0,0.0,0.0,0.0
Brand D,2023-01-14,0.0,0.0,0.0,1.386859255748572,0.8469311466189798,0.0,0.0,0.0,0.0,0.0,0.0,0.0,0.0,0.7648674438472955
Brand D,2023-01-21,0.0,0.0,0.0,13.098602658229318,11.78744143487476,0.0,0.0,0.0,0.0,0.0,0.0,0.0,0.0,8.639149035340523
Brand D,2023-01-28,0.0,0.0,0.0,12.289829693152049,13.665712059224873,0.0,0.0,0.0,11.008518103780336,0.0,0.0,0.0,0.0,7.7955774109504885
Brand D,2023-02-04,0.0,0.0,2.3191366639971775,11.942877184430282,56.39577085355869,0.0,15.43880791582891,0.0,44.32905196065897,0.0,0.0,0.0,0.0,69.48231602018419
Brand D,2023-02-11,0.0,0.0,4.949697530585291,12.089380984620808,10.83174153296016,0.0,95.94751470777935,0.0,30.227150226324962,0.0,2.0202918178849654,0.0,0.0,8.463474179421164
Brand D,2023-02-18,0.0,1.4082931129237346,4.305267820335947,14.615425326070623,10.854938816164958,0.0,40.61832701529991,0.0,45.63433904085069,0.0,2.0202918178849654,0.0,0.0,9.685866699778375
Brand D,2023-02-25,0.0,2.621637786819099,4.423820550931307,10.09418376123223,8.189283447343648,0.0,28.34876233551923,0.0,39.2445131450197,0.0,2.0202918178849654,0.0,0.0,10.408282838174081
Brand D,2023-03-04,0.0,0.3200387281657054,0.0001088265126999963,8.699625398300302,7.295973059229644,0.0,26.964991927608313,0.0,38.94921158374223,0.0,1.8947153573537767,0.0,0.0,8.851458066949263
Brand D,2023-03-11,0.0,4.699315958588964,3.134866340703861,7.73360443445585,7.716610598898477,0.0,61.773751931021636,0.0,34.08056014479305,0.0,3.7525475229630394,0.0,0.0,4.906226027619216
Brand D,2023-03-18,0.0,6.016469608732751,5.455801281539694,7.4132544004310175,8.414378374457538,0.0,13.558807688518876,0.0,24.34325723983889,0.0,3.7525475229630394,0.0,0.0,2.5593922687513833
Brand D,2023-03-25,0.0,0.00016720001325793172,7.148682611303793,5.707257947001909,5.560102575654643,0.0,40.49062038535813,58.879184001114794,53.62467260978301,0.0,3.7525475229630394,0.0,0.0,2.892858631780038
Brand D,2023-04-01,0.0,13.917366661651878,11.324112377020795,14.285509607871901,12.584884236196014,97.66343773322298,11.387823762815442,41.36300451664581,293.99403662271476,0.0,7.405080564733121,0.0,0.0,5.07049836885324
Brand D,2023-04-08,0.0,0.8490071387615992,2.389778787048239,6.902308563419657,6.528412484139679,16.27723962276226,5.188678839905291,13.248756965441016,9.48490077153122,0.0,0.6533366354032908,0.0,0.0,4.610645063557076
Brand D,2023-04-15,0.0,1.641485803755163,1.649124644855675,5.589524306087047,6.419943554347924,0.3432002587281977,0.7633322471000956,10.975088704838598,0.9461945894675505,0.0,7.976254110977546,0.0,0.0,3.3587269361587047
Brand D,2023-04-22,0.0,1.6888787927019768,1.6884301378235347,5.2959964962341,6.325246997786594,1.1523430361258704,0.00810728565443807,12.189061200867545,4.208821297124005,0.0,11.504964504644256,0.0,0.0,2.161548658036749
Brand D,2023-04-29,0.0,1.6862445464283728,1.759484658468115,5.729760310648589,6.156514820574792,1.311454642279921,10.396795186396705,11.931731684159802,5.136109763318452,0.0,4.726161867569315,0.0,0.0,4.816398170591652
Brand D,2023-05-06,0.0,1.4699059406779913,1.6199081928701695,6.552103691457856,6.4486387955047855,34.25116818012796,1.8385892027486188,7.815750037038735,14.985034084106697,0.0,0.9885005068668155,0.0,0.0,5.873527286218743
Brand D,2023-05-13,0.0,0.33014773035269374,2.1329894956876463,2.379928511764624,3.3632578815708127,5.781996010089348,0.28012322714314397,6.330185684878386,5.213821055248072,0.0,5.095793414682976,0.0,0.0,0.790634074451265
Brand D,2023-05-20,0.0,0.0,9.399242882830217,8.550877376579578,8.42658739175453,0.09118854389276136,57.44215680816279,3.967196091635739,2.2999689159006214,0.0,11.922917598541847,0.0,0.0,2.7221873244749624
Brand D,2023-05-27,0.0,0.0,6.044111630407221,8.266220935231075,40.77542238506738,0.08628257936401688,9.635624807993151,17.110963673506838,5.7386214676662695,0.0,5.044209991767119,0.0,0.0,5.660336596501186
Brand D,2023-06-03,0.0,0.0,2.7625872932172975,6.408549576953325,5.005478686763112,28.605653822504003,4.591597169863388,17.949542138150598,16.710286063427375,0.0,25.34462969353842,0.0,0.0,4.517750978543418
Brand D,2023-06-10,0.0,0.0,8.681398014293883e-06,0.04596136922230887,0.05245159698122433,4.765703501078762,3.080284928651281,2.56382159718662,2.6442334475262737,0.0,8.812307128090634,0.0,0.0,0.0
Brand D,2023-06-17,0.0,0.0,0.0,2.4244634284399487,3.36854951693433,0.0,41.30870491056643,10.750499159789586,29.784032348382592,0.0,0.9551272883899959,0.0,0.0,0.31872226983399676
Brand D,2023-06-24,0.0,0.0,0.0,10.175795810458833,7.5619546625441565,13.992201037583479,32.253142097261744,100.0584148418488,36.161676710387425,0.0,3.0870552598864474,0.0,0.0,14.602081876699645
Brand D,2023-07-01,0.0,0.024550306908813734,2.713120599762349,3.9769564272723725,4.164878768897015,13.78449498544953,20.295195792659676,63.79603643599643,39.10761061976926,0.0,7.693046556057832,0.0,0.0,0.0
Brand D,2023-07-08,0.0,0.8669658623552915,2.6352705018368936,3.087794894455331,2.7387804901340487,10.944066287534913,17.632271871768072,14.657855754650129,32.085358112013395,0.0,8.32323493558127,0.0,0.0,3.5240029458848943
Brand D,2023-07-15,0.0,0.8672703888539373,3.134695039377246,1.7054520794599473,1.487647576586141,13.21653794594135,153.22448048248572,17.046591808163345,4.914021494757535,0.0,10.109258188720522,0.0,0.0,3.689867089553055
Brand D,2023-07-22,0.0,0.46659845667248134,2.3713328657061847,2.8258848064187982,1.7971476930263786,1.898754483368724,3.6839051262345004,16.890127360507574,44.44932542100625,0.0,6.314184322491571,0.0,0.0,3.5815954208775356
Brand D,2023-07-29,0.0,0.687015754879057,2.663575000104048,5.370138742128962,3.0681178622719947,0.0,1.3973942862761013,15.128243582231601,5.279039674779737,0.0,5.826526374455928,0.0,0.0,5.532765502297862
Brand D,2023-08-05,0.0,0.03651584867185349,2.3069300139315105,2.411894266325315,1.6049009520537512,0.0,1.5831856940213653,1.9935130484530337,31.81457004242742,0.0,20.821256975050236,0.0,0.0,3.1227548534662417
Brand D,2023-08-12,0.0,0.8349876414988228,2.2578948005429145,2.217627422377857,1.4076644178643787,9.43357582890911,11.359108036417345,33.765699262424924,21.552625640365477,0.0,7.4840232772884105,0.0,0.0,0.0
Brand D,2023-08-19,0.0,1.1237599571905714,1.5011624296860944,4.426068240132707,1.4610847829522426,9.119123300271344,6.978084304365952,39.39331580271583,20.888463279809393,0.0,44.76015673840961,0.0,0.0,3.382449544975326
Brand D,2023-08-26,0.0,0.3591265437847149,2.1124683826125845,5.566087516879377,2.313984235504331,22.130338261800983,4.694023705651505,32.660117490567295,28.24743036153673,0.0,6.156496244347963,0.0,0.0,3.9693322477782913
Brand D,2023-09-02,0.0,1.3748322140955105,2.0338357901315876,4.800280211802373,2.0445340850305866,22.02699176645601,15.026987114626662,63.533833604389,140.92986607373132,0.0,35.748240234149236,0.0,0.0,3.5381465213678394
Brand D,2023-09-09,0.0,10.241040081119966,0.7345664948562953,4.3398763839394885,1.8618869827774103,7.279778379107781,43.422445632832286,80.00904787535643,52.25017540096996,0.0,13.860855995016806,0.0,0.0,2.641394326256297
Brand D,2023-09-16,0.0,1.0983582971498047,0.618731640041041,3.9294208787906624,1.461292092610244,36.944711261500785,22.844029688708442,90.39801463925095,19.129783195680933,0.0,5.530489445305478,0.0,0.0,1.7720799876821947
Brand D,2023-09-23,0.0,0.5467314869844105,0.3417895383514328,3.27235516347045,1.100374353672694,43.7912766282377,18.650390687790537,57.57604003967474,18.202813244570564,0.0,12.905009018969942,0.0,0.0,0.89456105678145
Brand D,2023-09-30,0.0,0.010547938758747192,0.0,2.9462775151985077,0.8948140383399398,65.93253643183849,22.87188951422227,64.6299547702647,33.690546481822594,0.0,14.18484438305513,0.0,0.0,0.7675735663825449
Brand D,2023-10-07,0.0,0.0,0.0,36.270743280049764,2.79132312680386,19.52150265340733,18.495294303178696,11.33426491981612,153.16855876184923,0.0,5.622204622804134,0.0,0.0,2.3525334384351995
Brand D,2023-10-14,0.0,0.0,0.0,8.428863506691094,5.04716717843221,12.185254633719339,139.7230283429212,29.20925714183348,24.29808237778072,0.0,11.866462943189406,0.0,0.0,6.102159563635323
Brand D,2023-10-21,0.0,0.0,0.0,9.430778542115043,5.321215677886143,13.231578965445005,18.092809437508706,23.610407523324046,7.83815199813336,0.0,7.06147715765901,0.0,0.0,6.108364452449354
Brand D,2023-10-28,0.0,0.0,0.0,3.7116366033237886,1.2860185399506279,12.322402967037076,18.092809437508706,7.520376735594713,4.565548414254549,0.0,6.988573650347753,0.0,0.0,2.11007620144388
Brand D,2023-11-04,0.0,0.0,0.0,2.6487970991899745,0.9544003083171069,27.371118488983857,8.988442528403722,12.803816772413194,14.326719738752576,0.0,33.70347848986752,0.0,0.0,1.9290031172382134
Brand D,2023-11-11,0.0,0.0,0.0,5.4141849023244895,2.851465633186234,32.212310204596434,4.615303763003718,27.739847838372132,108.67561381890468,0.0,9.711694686708823,0.0,0.0,5.057990802531842
Brand D,2023-11-18,0.0,22.43742136757593,6.603647833761965,19.342238379631738,3.4703544684554495,64.58529337460848,4.1008168489106,55.174312598745374,41.133789259519524,0.0,20.85738900913265,0.0,0.0,5.465575581938835
Brand D,2023-11-25,0.0,2.379750972667009,1.6399061825827201,6.8888318789488805,3.3857788029579408,31.302473757476623,4.1008168489106,5.916692117247969,26.308724022782638,0.0,6.521065467216926,0.0,0.0,5.473011865790783
Brand D,2023-12-02,0.0,7.676307313068158,0.8687803915634567,3.0756500987786963,3.648337306695199,22.69754358580264,67.3544366093464,0.0,3.0210359626531833,0.0,4.643171315598501,0.0,0.0,2.5736967277405642
Brand D,2023-12-09,6.5911118474792145,31.646500270278544,4.826803591315435,13.032748339624337,1.4791578933974687,28.832285968764452,17.4343956532796,24.49875344763346,67.98506573677722,0.0,12.703565419106814,0.0,0.0,2.4664229191603853
Brand D,2023-12-16,6.5911118474792145,0.0,0.0,4.195528185663835,3.3558576361055623,0.0,30.570391536702846,7.886238457702627,0.0,0.0,0.0,0.0,0.0,5.19767251803202
Brand D,2023-12-23,6.5911118474792145,24.71928098613636,4.826803591315435,160.69117531306927,3.409609573874774,28.832285968764452,45.67518623029918,22.456419898918142,24.574291481816815,0.0,42.49593484385751,0.0,0.0,5.208027383509573
Brand D,2023-12-30,6.5911118474792145,13.43120323678657,4.826803591315435,15.752477974842444,3.7248748342696105,28.832285968764452,6.7924979769403455,22.456419898918142,24.574291481816815,0.0,12.703565419106814,0.0,0.0,4.960519802813705
Brand D,2024-01-06,0.0,0.7268687881767691,2.649501691934711,1.304056502327149,0.9044552234356085,0.0,47.053440871361005,32.12019002342411,12.064744965487368,0.0,7.936497689047473,0.0,0.0,1.7644090035500712
Brand D,2024-01-13,0.0,3.435434033590819,0.41222218699977353,1.329688391972309,0.8206706994751735,20.708413394741058,53.88943586430587,40.02911151923944,11.573211387241532,0.0,6.611071328471074,0.0,0.0,1.5157179559338991
Brand D,2024-01-20,0.0,0.8544488404574533,0.4078404385470733,1.0113331630068767,0.7601819248787643,39.20052435540367,39.22699847949601,48.1866188746605,22.269216306255284,0.0,8.041824378756242,0.0,0.0,1.4244283991164446
Brand D,2024-01-27,0.0,0.8585357406518385,0.4059133454751062,1.0745625577615818,0.8222245631724002,38.68961456987769,34.79522657903171,64.57974588864894,55.075565440290156,0.0,8.077139891958259,0.0,0.0,1.4230627995240563
Brand D,2024-02-03,0.0,0.6353678725625168,0.3094711842233347,1.350489261443318,9.29421601333911,40.76662885751612,27.802133890489852,59.007053810483924,73.64831554559552,0.0,17.110440060663873,0.0,0.0,2.8054878975146695
Brand D,2024-02-10,0.0,0.6051685427428926,0.4803305132569113,1.4624673888874467,1.2588244613351536,24.381045008459058,21.756296306617994,25.142074521671855,111.04508574575227,0.0,23.924715876137828,0.0,0.0,4.340296558472968
Brand D,2024-02-17,0.0,0.9523229781212013,0.5387846908601247,1.6610186484328502,1.6470362945433457,21.836966345722452,20.769980456908275,18.095807101636012,82.54225904357813,0.0,15.642717276602525,0.0,0.0,3.8450282327571954
Brand D,2024-02-24,0.0,5.553235928556155,0.6691971207931762,1.6693640181949212,1.587522325514861,28.768335428622482,24.999647754802407,22.39354366667885,59.531595150546416,0.0,9.195148307202903,0.0,0.0,4.860142689928038
Brand D,2024-03-02,0.0,8.433640774739517,0.5393278956928987,0.9083338796910201,0.7539346482116406,18.80484249442043,23.429738999407604,17.03951340482387,40.67903046702077,0.0,96.04720132850174,0.0,0.0,1.5531321579240434
Brand D,2024-03-09,0.0,1.2703658202035863,0.6897216805945859,1.2243025216926495,0.9841904414990598,22.95547608844548,15.965403352485824,24.685290788350024,68.47517783908907,0.0,16.22646928124856,0.0,0.0,1.0932356215247996
Brand D,2024-03-16,0.0,1.2479173465418236,0.7576765301236177,1.291059565546291,1.261454169941271,25.822775342214477,14.70105134460172,18.003791021073713,44.44114282914919,0.0,7.159658929657472,0.0,0.0,1.0911160496410932
Brand D,2024-03-23,0.0,1.3185093016315617,0.7419150428505799,1.5344387006716025,1.7033604041591164,20.73394200804755,14.70105134460172,13.160601464422403,45.78064766768009,0.0,5.811330056913047,0.0,0.0,2.567090570027457
Brand D,2024-03-30,0.0,1.2774809032083987,0.7335859226596511,1.224939289365352,1.5154402392597208,24.358688184147944,14.561347756654264,22.45246864470378,31.726500689146924,0.0,8.483614412926586,0.0,0.0,5.236637409076564
Brand D,2024-04-06,0.0,1.1173740065809303,0.487358637980765,0.9994445529148875,0.9768882883265557,15.103042188009098,14.677648270721166,25.959299886000036,117.37937392583109,0.5800829829939881,19.322774496900642,0.0,0.0,0.6941502852991461
Brand D,2024-04-13,0.0,0.9119913627965032,0.2862568572822647,0.9995986216145195,0.826963052895787,14.461542400446675,17.076151366523128,27.282736031975833,27.36568933782108,17.643671042416766,8.123145011359806,0.0,0.0,8.425748459866453
Brand D,2024-04-20,0.0,29.650230391220667,0.0,0.8251916683117893,1.176676984634496,2.079597705056547,57.926368917416205,46.25174264994074,24.73770273608514,5.822104219634385,3.9979299796028682,0.0,0.0,0.8969674278189897
Brand D,2024-04-27,0.0,0.7961411536586221,0.0,0.8976899566113691,0.6202284733835979,0.0,48.135640305993626,44.931834993768994,21.261177948082285,1.328478986111784,4.729387882792465,0.0,0.0,1.8895351839048475
Brand D,2024-05-04,0.0,0.8288268710085912,0.0,0.8309245235473169,0.4219038375794682,0.0,36.91200124042556,24.88524735525512,16.126605041751528,0.3071572259946632,10.53370717733576,0.0,0.0,1.8403168293535834
Brand D,2024-05-11,0.0,0.45259514023835595,0.261485454610337,0.5223477575733981,0.22886287558899726,8.607602454270985,35.41531199167638,13.702235024356925,20.61487012172828,0.0,12.916687203495643,0.0,0.0,1.1021882918991395
Brand D,2024-05-18,0.0,0.4569723905012531,0.24869798606710755,0.5508727134340566,0.17696120056951137,10.2458829479278,23.104629633484013,11.604267712930632,18.595683631521208,0.0,4.681325538372832,0.0,0.0,3.21562489682548
Brand D,2024-05-25,0.0,0.4498338319599474,0.2538848681365309,0.5507314384181502,0.17888446088117427,10.279829628917254,12.715215301528284,11.924653348010715,21.45116323600355,0.0,3.20104338642786,0.0,0.0,0.9756828747727313
Brand D,2024-06-01,0.0,0.43272299269682085,0.24732333062879183,0.5080686276281837,0.19356703156665778,2.614100895618137,10.612646911189017,12.554306922699217,16.293582532532202,0.0,1.4586425389141073,0.0,0.0,0.9368055638736965
Brand D,2024-06-08,0.0,0.35978220509900094,0.440682442490669,1.912260961713133,1.105105476315029,8.430985032686172,12.774527221031413,17.088930119516696,65.13495845514906,0.0,7.148958994724193,0.0,1.617286891123151,1.0292093479327165
Brand D,2024-06-15,0.0,1.1003878601154056,0.7498771760582096,2.7178822076666562,1.5793538495706831,8.430985032686172,11.53927034633045,15.643186870971197,64.45700383616423,0.0,7.148958994724193,0.0,0.24601139193031235,1.067633811085716
Brand D,2024-06-22,0.0,0.2090912604072518,0.8481325966909713,0.8595215011255449,0.6441127525044585,8.430985032686172,11.53927034633045,15.643186870971197,64.45700383616423,0.0,21.676534798232005,0.0,0.0,0.14560688217245893
Brand D,2024-06-29,0.0,8.549717788066706,1.4614749749612013,2.8083054728885863,1.920599777406431,8.430985032686172,11.53927034633045,15.643186870971197,64.45700383616423,0.0,7.148958994724193,0.0,0.26749038890856397,0.7084246489156677
Brand D,2024-07-06,0.0,4.552658700163302,3.4921162726727166,2.527135881133575,1.5821163275493635,10.979619781280586,10.27121473640684,43.04243726062894,33.04092874611253,0.0,2.9615447172132106,0.0,0.07406244974171257,0.17281580655507897
Brand D,2024-07-13,0.0,5.007460192551224,3.835119251949034,2.3070663309288264,1.458009626783475,12.809556411250808,88.47710398665649,87.95810178977759,38.547750203797975,0.0,3.4551355038532465,0.0,0.0,0.8151842839238531
Brand D,2024-07-20,0.0,4.821411565491338,4.162446920817682,1.3575375415109585,1.13889260727025,12.809556411250808,13.195940092667458,27.363098538842763,38.547750203797975,0.0,3.4551355038532465,0.0,0.0,0.169733099936302
Brand D,2024-07-27,0.0,0.445770176668647,0.3786027665938938,0.9318898117716427,0.6906866139792643,1.829936629970193,13.195940092667458,2.316506359688079,5.506821457685424,0.0,1.8262858510514255,0.0,0.2750965301070359,0.03077689772559768
Brand D,2024-08-03,0.0,1.0429420257631252,0.7810897671762197,0.236488374624775,0.5256137187290352,10.554187481826746,3.2099506322864304,13.360485834259508,31.76067691840209,0.0,1.779245298211938,0.0,0.0,0.14381864703847924
Brand D,2024-08-10,0.0,1.5780227916348892,1.3546492248277109,0.749386304735491,1.0125559048665986,9.213177974456194,17.350631396674718,15.046838256601749,34.86826250291417,0.0,4.88052796220129,0.0,0.0,1.7747694013020157
Brand D,2024-08-17,0.0,1.6705218676176006,1.001497617961982,0.5045265621161791,0.5940977377748592,8.69650451567201,19.970597099986374,14.956772392802128,34.5039524151696,0.0,5.38950064793686,0.0,0.0,2.604918349724804
Brand D,2024-08-24,0.0,1.7786663374731126,9.631345078307247,0.32075106942149306,0.2377925829001096,8.69650451567201,19.970597099986374,14.956772392802128,34.5039524151696,0.0,5.38950064793686,0.0,0.0,0.5674306177752131
Brand D,2024-08-31,0.0,1.7365929336473223,1.079445144014141,1.4871763305652947,3.9201825357511155,8.69650451567201,19.572046166685144,14.956772392802128,34.5039524151696,0.0,35.32857317883357,0.0,0.6092516933520121,1.3151142658920565
Brand D,2024-09-07,0.0,2.2822105806592776,1.6274626951160929,4.890740811729766,4.362958518237182,0.0,9.211548031882595,10.468102666495982,14.926433729059353,0.0,2.262739683521482,0.0,0.6717978211371808,1.855304701186883
Brand D,2024-09-14,0.0,1.1769571807132255,0.5487502260394722,3.104985845748316,2.591610031331787,7.892066419861038,9.096196433678129,29.52868000858551,16.727565678132926,0.0,3.9009866050055693,0.0,0.0,2.228512583206403
Brand D,2024-09-21,0.0,1.062807204253567,0.4282322290473804,1.4461147097397051,1.2745206818938124,15.07214618550805,9.096196433678129,18.06990562928161,17.025930710152565,0.0,3.8232761273341436,0.0,0.0,1.209189188777125
Brand D,2024-09-28,0.0,1.1532771936420432,0.2716844988220545,9.496198069570363,1.876598913275528,10.82333654524387,9.096196433678129,13.940608872649562,19.63219268709523,0.0,19.555506356728568,0.0,0.0,1.073382242333744
Brand D,2024-10-05,0.0,6.089908863766326,0.3404980216634339,2.7883915855308596,2.8178676999442502,8.135392202834328,8.791211028177955,31.62709337299921,28.037381671524045,0.0,36.09441900178295,0.0,0.43426906202748305,0.6004655364312855
Brand D,2024-10-12,0.0,5.328299662909468,0.3494108334139773,1.6858225539040834,1.6221903148907149,7.3666891685937665,16.528542497280487,50.99282917319954,30.384088055072944,0.0,3.298963397660994,0.0,0.13658729008232243,0.3505046650450817
Brand D,2024-10-19,0.0,23.53200984617378,0.3513303423570132,1.4089281255978483,2.7575514843142797,8.152116909180286,41.06251613132671,39.243121397707775,26.948736361407462,0.0,2.6801895535103215,0.0,0.0,1.112753786544539
Brand D,2024-10-26,0.0,7.973455470001274,0.7997685501266825,2.9989153216848177,2.1097928451981347,1.1853582399530207,17.818097743432496,15.743376816389105,22.09348886172192,0.0,0.37497680466948274,0.0,0.0,1.4032164245036096
Brand D,2024-11-02,0.0,5.521785114761938,1.498230060843603,7.993007910095704,4.823625464052205,0.0,102.58305397484804,1.7011484902234792,15.635330160102614,0.0,0.0,0.0,0.0,2.509729491878061
Brand D,2024-11-09,0.0,7.917318391015781,1.017949890410925,3.4698758348816234,3.1646617530353143,6.703559668963748,18.346385005694252,9.941094971210875,21.676502441329585,0.0,2.466133447121943,0.0,0.0,1.1540519558245583
Brand D,2024-11-16,0.0,6.777518687652635,0.9517406925124259,1.8648421333340042,1.7252274739618174,6.956686246445795,18.51227369354944,24.576733253654595,22.777951838041503,0.0,2.392594785111593,0.0,0.22316511820617324,1.534411641895612
Brand D,2024-11-23,0.0,5.754021631220562,0.8621349720198714,2.8832579151179045,2.618397563300552,45.86676122679808,50.57134806791226,23.47565567675721,22.588315592694784,0.0,2.542698156853822,0.0,0.8239607955257106,1.8584370303991944
Brand D,2024-11-30,0.0,10.248043672797314,0.9398452041049259,3.42612838861751,3.5112954138038006,8.538747309918197,18.51227369354944,9.70460253617124,21.669158978325132,0.0,4.223675841949563,0.0,0.14102029331011662,2.5201736162949615
Brand D,2024-12-07,0.0,3.3417978184752024,0.9540783164019334,2.748295865258607,2.9211747766668417,1.2374731097530067,20.3846790798307,1.0460595619400908,48.588332901996765,0.0,3.3403366069851246,0.0,0.0,2.2262870888972195
Brand D,2024-12-14,0.0,4.596632510770004,1.6397171581634515,4.179988105501317,3.4234399136456846,0.0,20.76984140702813,0.0,8.455906101597812,0.0,2.0189262262393806,0.0,0.36772762114505064,3.2932310838199332
Brand D,2024-12-21,0.0,7.182875079618821,2.546640278988288,8.618267326642611,6.787924479113252,0.0,20.76984140702813,0.0,8.455906101597812,0.0,5.887743189475745,0.0,0.3850007044009788,1.9604162384226178
Brand D,2024-12-28,0.0,0.47156320791967926,0.30167421684551127,2.2717875625301693,4.309414091873046,0.0,20.76984140702813,0.0,8.455906101597812,0.0,0.7915146346907092,0.0,0.058589695163352294,0.09925587343326048
Brand D,2025-01-04,0.0,0.0,0.0,10.141385555850027,7.979685967519668,0.0,2.3581523549841057,0.0,1.1698378110178644,0.0,0.0,0.0,0.0,0.0
Brand D,2025-01-11,0.0,0.0,0.0,14.52812820607247,20.195543304129124,0.0,8.017308460717615,0.0,0.0,0.0,0.0,0.0,0.0,0.0
Brand D,2025-01-18,0.0,2.7844777446889655,1.0516678506981152,4.266801798267272,2.91633180073895,15.31243302391535,42.466274595270846,28.45842570358271,8.657065933709296,0.0,7.291163961798392,0.0,0.24382575071929743,2.592158138867569
Brand D,2025-01-25,0.0,3.1404903096552603,1.2876024598766296,4.45846520551955,2.8013957809172303,19.346407065335054,47.98506593658095,255.26652199283768,18.548806629027712,0.0,11.582473688728339,0.0,0.2916739311812769,2.3396818275394433
Brand D,2025-02-01,0.0,1.8921320255944192,1.2037815867763344,5.124330349927206,3.1532984121043337,19.157136638759376,40.79108851832397,29.90586669764724,22.551440493161707,0.0,11.05301765430084,0.0,0.3783607649140351,2.5602092697654055
Brand D,2025-02-08,0.0,1.5910529523402444,0.9560010951184189,4.366882548174381,2.691621122508872,17.486946467014022,334.45694496844163,18.427204509539642,21.06002367789608,0.0,19.79508468045312,0.0,0.40258118162549983,2.0035661381734733
Brand D,2025-02-15,0.0,2.2086444737094237,4.60045354977188,5.759943764020172,2.826515168264008,18.227918595917576,41.79341883065406,16.513716689215627,19.56366615451874,0.0,21.42932230359501,3.15817146938289,0.3874808902038709,0.8875568806266128
Brand D,2025-02-22,0.0,2.96304424119882,0.9089935595501467,7.195484979011852,3.977240237247785,15.373634002902737,41.79341883065406,17.751626112803585,21.47575338080542,0.0,21.53818389550141,0.8937793805437003,0.39960349585694094,0.8394453985324241
Brand D,2025-03-01,0.0,2.5421119953665428,0.901478238831796,5.154955077118802,2.9880754019664058,1.8685307940644644,5.891436267894244,17.405134602451387,3.051981821696405,0.0,2.218706740407404,0.528343656589843,0.3746981274194172,0.7615070623447611
Brand D,2025-03-08,0.0,2.233384889222553,0.5564111390173898,2.343048092650278,1.868905381090152,2.0719767047156257,43.80713880609836,18.363400145174765,30.241624460381693,0.0,7.776797745862557,0.5418392682436084,0.34912130387893264,0.5351503781657658
Brand D,2025-03-15,0.0,1.945922181097994,0.3445465594121742,1.828432255386295,1.7999591893227385,0.23735356242254113,44.23498629160805,18.025996407439738,23.199158528418582,0.0,5.925212571382167,0.30290502208279124,0.07813229097778196,0.503065877976811
Brand D,2025-03-22,0.0,6.845252887219805,0.5458339793100471,1.6969666264290828,1.8642819076499018,2.719994096882436,44.23498629160805,33.802944373931524,14.839040639297284,0.0,4.93820955670397,0.2736598093265639,0.04835890082666361,0.45844773528716665
Brand D,2025-03-29,0.0,3.637978289542696,0.4250107039348158,28.5467617846569,6.295774779465003,7.916828381799111,44.23498629160805,36.74927553304917,20.910517461446897,0.0,2.6359517297395567,14.424588263812947,0.04797708575922497,0.4307979688535094
Brand D,2025-04-05,0.0,1.697284157191868,0.4276333252294889,7.446118935833795,11.879639461140078,4.51948232374437,42.64462522665787,18.030366544631487,21.094792824843545,0.0,6.750582611177111,4.782946034726402,0.11949661240823337,0.42314294987948037
Brand D,2025-04-12,0.0,1.3048308409891358,0.429371343220223,7.110313178500273,9.63967038880864,3.035375885887055,22.698567013295996,20.96345385793665,21.979640891295357,0.0,8.530670660206482,53.64548710507415,0.0677259422054621,1.5932184090083918
Brand D,2025-04-19,0.0,0.8524777409746374,0.36768823667440764,2.887979560092217,4.2605820710587805,2.7543379812767785,19.37422397597335,16.777412427788544,26.703308483948305,0.0,8.532879353752993,3.646516371722444,0.008481923927196168,0.26101308532090045
Brand D,2025-04-26,0.0,0.669868971082899,0.0409404140851865,0.3841973535694428,7.477574411308694,0.3901078346491097,0.9750552013714695,2.2739280570617897,7.465274478590427,0.0,2.138053389532732,0.8232491598807508,0.0,0.02374294564936004
Brand D,2025-05-03,0.0,0.5878165010682735,0.0,0.2072689363366828,0.43581954632328745,0.0,18.850035433861443,0.0,2.9026268714346957,0.0,0.14968242112124394,0.27850635316128947,0.0,0.0
Brand D,2025-05-10,0.0,0.05126754238451102,0.3191131122743851,6.184166984230596,5.409168223997487,0.0,11.10757861649687,0.0,28.618137012063237,0.0,0.0,0.057799549628202586,0.0,3.599683948288957
Brand D,2025-05-17,0.0,1.749863079364891,1.3894131613095217,5.898412279466013,5.999671540571505,0.0,9.817169146943302,8.45379822433937,5.162614408532981,0.0,0.0,2.063428021525348,0.919030558105726,2.4942603701551698
Brand D,2025-05-24,0.0,3.160962926370807,1.509676256687237,35.41912874955146,3.6623025636484967,0.0,46.170832291905164,8.320584354530318,9.675915535156435,0.0,0.0,2.147991231797171,0.6055769499055005,1.655682218461883
Brand D,2025-05-31,0.0,1.1287021924637572,1.227543436868587,5.122540645900415,2.923259834816656,0.0,9.817169146943302,9.775562724562478,7.604520031369106,0.0,0.0,1.1962830528099806,0.0,1.3380421987366296
Brand D,2025-06-07,0.0,1.6685216196287072,0.941985854380614,4.580951738776823,2.432483396858858,0.0,3.9932698542564404,24.460134518891827,11.459925196155083,0.0,2.595895942984475,1.669236909083375,0.0,1.9676511637895415
Brand D,2025-06-14,0.0,5.129585970619883,0.8368116255603922,4.239355231425463,2.4537519070561213,0.0,2.923948994287025,44.43301329875397,10.415824846096276,0.0,2.810208944753121,1.2440467816659513,0.0,1.7529789945916974
Brand D,2025-06-21,0.0,0.8717943774475745,2.2534612353118666,3.4999834519910618,3.003808264604858,0.0,2.923948994287025,151.642161741315,3.0805278798972267,0.0,2.1885105753082836,1.3315204748900367,0.0,1.524304724969852
Brand D,2025-06-28,0.0,1.3990491468385546,1.4977253779798583,4.20748135363451,3.2197034976522154,0.0,2.923948994287025,131.23102880286376,2.167832170901152,0.0,2.397864834542371,0.644410868230856,0.0,1.2292769239272265
Brand D,2025-07-05,0.0,1.3479839855886988,1.0570649886950587,2.9568434615937695,2.4728262998298263,0.0,2.8773665906055426,86.1778097804688,2.7046835550403046,0.0,1.9278813008091338,0.16264190763915556,0.0,1.9730442186876533
Brand D,2025-07-12,0.0,1.6743760235028238,1.2589971922848442,2.738844557373767,2.5755263622369604,0.0,12.167543918929669,38.24603479399362,13.289171207336832,0.0,2.752936119398986,0.0,0.0,1.5285158961771415
Brand D,2025-07-19,0.0,1.9968677872189502,1.6116762167683412,4.7609897103799685,4.265207588682423,0.0,13.715906806206288,10.5878135470407,21.034539939263038,0.5736968306820937,2.4162227589739182,0.20432362218551953,1.5950355733393649,0.6168123380572227
Brand D,2025-07-26,0.0,1.6430559960529514,1.4831950132201883,3.7799873046494534,3.919278694340882,0.0,13.715906806206288,8.924886477999102,22.47906321329288,0.0956161384400745,2.3349490413034992,0.44641349867823393,0.0,0.5346086770184804
Brand D,2025-08-02,0.0,0.7698508583053272,0.4550919973112023,3.8203846868614377,2.3999849698323708,0.0,13.459941289231859,8.392457253702394,10.559007788383317,0.0,7.267532668415959,0.052689955666128684,0.0,0.5126673629090412
Brand D,2025-08-09,0.0,1.5165336165536696,0.09946870481443042,4.78917376430231,4.081010692764619,0.0,11.662863661964781,8.580686840755144,15.43242050333898,0.0,1.4117017045651998,0.0,0.0,0.5290348570789528
Brand D,2025-08-16,0.0,1.874337513020331,0.0,4.691265637657925,5.074858726916748,0.0,11.363350724827667,20.81781939149681,16.995314934880646,0.0,6.7232104484780875,0.0852697030635301,0.2007156744111014,0.8208697993530216
Brand D,2025-08-23,0.0,1.8983505070465245,0.0,4.280988846257035,47.286792130947234,0.0,11.363350724827667,20.881515108311252,8.161966772878333,0.0,7.632897255302566,0.03131390717020436,0.024349266144730878,0.4595898546901391
Brand D,2025-08-30,0.0,0.9598949599075884,0.0,1.7176646426098756,3.190775887445866,1.0217302784113576e-06,11.363350724827667,4.733273953886966,4.4104550599343195,0.0,3.816449649381561,0.03857193715672909,0.0,0.32767501896938117
Brand D,2025-09-06,0.0,0.2176490220322192,0.0,0.8887686368739021,1.118783386693618,0.0,55.902677450060104,14.709808182426055,9.99729965630524,0.0,3.8010711357585394,0.07907949701214943,0.0,0.15845796085682998
Brand D,2025-09-13,0.0,0.6898899600476291,0.0,1.5022502378285918,0.2171450099800719,0.0,12.930993389869613,17.16144287949704,28.731751043065664,0.0,4.928590699940315,0.14451256167739188,0.0,0.022279252969804125
Brand D,2025-09-20,0.0,1.0534713556746438,1.2505152605018757,4.144289755456146,3.307242292154762,0.0,12.930993389869613,46.38774177525036,22.239584099817243,0.0,5.010925318815873,1.1811183943069623,0.0,1.5125400488027632
Brand D,2025-09-27,0.0,7.097016456698815,1.7944239199528391,2.9706127935211657,2.071786371336893,4.081839705027625,12.930993389869613,35.191316771233964,9.52734298679639,0.0,8.574391594152782,1.640890997258263,0.0,1.7028748683107044
Brand D,2025-10-04,0.0,6.828869111361583,1.8023563654252306,35.95279994142722,3.5398291532417105,74.48367815991558,15.98755838999746,21.409459616877374,22.225935425553732,0.0,9.056760776774464,1.7587094773793879,0.0,1.765910589926027
Brand D,2025-10-11,0.0,0.8987576137177727,1.5131498779019588,3.0380118126516136,2.5831215132541194,5.576719681760132,9.081590918493527,44.56778136092305,24.588964355907418,0.0,9.5352729938332,1.3239590468233144,0.0,2.7827738431279565
Brand D,2025-10-18,0.0,0.9183184420238094,1.3621788486869042,2.7758678542858943,2.03162081825047,5.164714460456339,11.901627247398482,39.45239655469244,19.882611256132595,0.0,10.75126487390626,1.1684774538060987,0.0,21.962272924858365
Brand D,2025-10-25,0.0,0.7794429248297923,1.2694347317945855,3.5551965927487195,3.420373541197483,5.164714460456339,26.694974832776257,40.12822206947782,15.837085029668266,33.412008633340136,11.423802646795405,25.880022503973354,0.0,2.221220954989141
Brand D,2025-11-01,0.0,0.7939426698354065,1.2667588549866986,4.29866663939339,4.877067023289641,5.046527654149674,13.014882345772344,32.54219415395102,16.65695433820943,1.195374280768201,11.144884261834282,2.036781582540765,0.40602815995016445,3.5222900660137135
Brand D,2025-11-08,0.0,0.8916744300481871,0.7976454807305057,4.272258629502641,2.7655595217434104,3.8084551037889263,21.471757497514663,17.01855389848389,23.328396072027882,0.0,9.662793891243242,1.704989089155904,0.0,4.150905990021174
Brand D,2025-11-15,0.0,0.8954856355224461,0.6615855197410259,6.1629254899029595,2.56795456847711,3.6021096787768028,23.308127522303987,28.811915766081984,23.832048487428022,0.0,9.418449102834764,2.2984379921583047,0.0,2.866531405005244
Brand D,2025-11-22,0.0,0.8842396855309437,0.6554260750115366,4.422883331975404,2.7992021319102807,3.6021096787768028,23.308127522303987,13.450971438608498,15.044875211121518,0.0,9.418449102834764,2.323168457603137,0.0,2.117067182321112
Brand D,2025-11-29,0.0,0.826239602324038,0.3972939442108828,0.8332705734638199,0.9309597431016944,3.6021096787768028,23.308127522303987,13.039120618340908,14.639271061687719,0.0,6.472408216047253,1.1442954443559465,9.600373430662909e-07,0.2630006590218197
Brand D,2025-12-06,0.0,0.44561488618378964,0.042739643495901904,2.6078324333382095,0.6337407420086709,0.5021688644589393,22.796453605156604,16.54417683907843,13.21525051459948,0.0,5.996109953727391,0.9240082763290967,2.1851331050133034,0.26526777945781643
Brand D,2025-12-13,0.0,0.6366130806454082,0.0,0.5820415250373348,1.6590212606255088,0.0,12.982837417431432,9.52719241899972,10.119810000652212,0.0,6.0226189952206735,0.8599418183471704,0.0,0.7614394148980181
Brand D,2025-12-20,0.0,0.13010103545737,0.0,1.6856884765387803,2.443799555432627,0.0,10.811406414353117,3.4333299341328325,3.9366605447039253,0.0,6.0226189952206735,0.414024949610096,0.5108351512266603,0.20696551542033637
Brand D,2025-12-27,0.0,0.053277236806332826,0.0,0.8617833670582238,0.8872348783029045,0.0,10.722336917991214,0.36566342487972836,0.42662563104952667,0.0,6.0226189952206735,0.1971614269424884,0.16832320059052028,0.04399677388186267
Brand E,2023-01-07,0.0,3.67228138655568,16.50136830073585,4.199669912045093,5.101074964340184,0.0,37.522531490920315,0.0,11.559353903344242,0.0,0.9761235094709317,0.0,0.0,6.862579134345035
Brand E,2023-01-14,0.0,7.1444454966531845,5.978531780642691,14.44017333098889,15.667808459106991,0.0,42.76510565873636,0.0,16.87722724691285,0.0,0.9761235094709317,0.0,0.0,7.751027608265237
Brand E,2023-01-21,0.0,4.257240763839255,3.728822791007044,11.560154910990216,12.399152365236318,0.0,47.06686249769326,0.0,18.365212481172467,0.0,9.645168816355351,0.0,0.0,83.363596256027
Brand E,2023-01-28,0.0,4.25660947169957,3.664120686337513,13.277403596373418,14.167177168307388,0.0,42.76510565873636,0.0,18.175677228014745,0.0,0.9761235094709317,0.0,0.0,11.147265056410836
Brand E,2023-02-04,0.0,5.266025118771066,2.061011161722475,17.6698861748658,13.87479422728204,0.0,34.78986858538749,0.0,17.905066566527797,0.0,0.0,0.0,0.0,12.767496734452351
Brand E,2023-02-11,0.0,13.135907456994286,4.957150170866057e-05,14.85407594346765,12.674498471781046,0.0,110.17978703819801,0.0,15.615206351605188,0.0,4.139164799812957,0.0,0.0,10.496028715154985
Brand E,2023-02-18,0.0,12.912934418561157,0.0,11.207677525999156,9.640330595023952,0.0,32.810898836137405,0.0,14.602110637593759,0.0,4.950492707697353,0.0,0.0,10.200379087771607
Brand E,2023-02-25,0.0,13.131286606483458,0.0,44.54727408710347,10.182244471842726,0.0,30.731611347292834,0.0,14.62598809058284,0.0,4.950492707697353,0.0,0.0,6.979241336244769
Brand E,2023-03-04,0.0,12.21455646612394,3.1933111468096103,12.017175383983934,10.8891779053717,0.0,26.727655643437622,0.0,12.351973504333257,0.0,4.6427820360930205,0.0,0.0,10.728653398991112
Brand E,2023-03-11,0.0,6.8127671410692425,0.0,9.460861285461336,9.010413667057412,0.0,26.71310991818291,0.0,11.847955211731701,0.0,6.866949232185611,0.0,0.0,12.490904035707608
Brand E,2023-03-18,0.0,6.395538908189808,1.1783994664566855,13.245721611178347,12.631213714482463,0.0,26.61087549029965,0.0,11.71914048694578,0.0,6.866949232185611,0.0,0.0,10.902416155207538
Brand E,2023-03-25,0.0,4.33220268939976,0.0,14.623442621577896,9.463768182205325,0.0,26.5860582127423,0.0,11.35169877202488,0.0,6.866949232185611,0.0,0.0,11.43970064298302
Brand E,2023-04-01,0.0,0.0004338289958537028,0.0,7.503412672489608,2.3446183338977615,0.0,20.870577624101937,0.0,0.6509316123200625,0.0,129.21678099663507,0.0,0.0,1.1377189260847131
Brand E,2023-04-08,0.0,0.0,0.0,8.38504183008411,5.408380342764827,0.7856985857325727,27.196081992961147,0.0,9.254738016006563,0.0,20.473219567284886,0.0,0.0,8.715702314523943
Brand E,2023-04-15,0.0,0.0,0.0,10.72334554053053,6.732332250683507,1.100764267714911,29.632152411340048,0.0,12.030044267550768,0.0,0.0,0.0,0.0,10.990419710760866
Brand E,2023-04-22,0.0,2.117774755969294,3.259912809559613,10.82454636684291,5.904084508849538,1.061769460404824,29.844768704212917,0.0,11.341731605676708,0.0,0.0,0.0,0.0,10.590514875963244
Brand E,2023-04-29,0.0,4.475095193287676,4.078862065473455,13.877665348291298,6.94569085274563,0.7140950896195084,29.844768704212917,0.0,7.0597514690276,0.0,0.0,0.0,0.0,12.12679552084691
Brand E,2023-05-06,0.0,3.6525243204628275,3.774798865324265,9.72074851895237,4.761568910792444,0.5621309166911655,27.145619564897878,0.0,6.480829946878016,0.0,0.0,0.0,0.0,8.116261358178896
Brand E,2023-05-13,0.0,3.5154290627790186,3.9953316292898524,41.54338543831007,4.72216634419572,0.5784185609032452,21.716440350891318,0.0,6.714054574216216,0.0,0.0,0.0,0.0,11.624893827400902
Brand E,2023-05-20,0.0,3.2927926354574635,3.44931645936792,27.04192199203222,4.428933536496338,0.5518096020677828,20.822293028689664,0.0,6.588037582511592,0.0,0.0,0.0,0.0,10.043066680869481
Brand E,2023-05-27,0.0,1.0764993237004408,0.47896246156661326,9.619218251400468,5.757287282028605,0.5297298277105151,20.822293028689664,0.0,6.465947555161515,0.0,0.0,0.0,0.0,8.940904911836586
Brand E,2023-06-03,0.0,0.6191043328419411,0.0,5.1555668928470695,3.128820202219822,0.5546032075375622,25.38437409253748,0.0,6.177542544514277,0.0,0.0,0.0,0.0,4.274577929449189
Brand E,2023-06-10,0.0,2.4563036004730887,1.913480489650923,0.002287758858116077,0.2519546952082703,0.5257916176360067,32.11558084767916,0.0,5.521563537299512,0.0,0.0,0.0,0.0,0.0
Brand E,2023-06-17,0.0,2.7710568695006708,2.245312381993707,15.519116555247026,5.793711213954864,0.5160126488336504,33.334424932883586,0.0,5.249247378821274,0.0,0.0,0.0,0.0,0.0
Brand E,2023-06-24,0.0,0.3941384360931143,1.9730515720422108,10.704127863116849,9.840910199276959,1.0466929346454092,33.57772269105168,0.0,12.125661737895971,0.0,0.0,0.0,0.0,2.048813403081201
Brand E,2023-07-01,0.0,0.6429879523222461,2.941959641451409,5.74152611833502,4.880595094887759,0.6352455995030448,14.901104342325885,0.0,9.759039547336592,0.0,0.0,0.0,0.0,12.994625095780341
Brand E,2023-07-08,0.0,0.0,3.2886431911703577,7.912986777256167,7.284098774206104,0.0,31.744188720554188,0.0,101.30748155011673,0.0,0.0,0.0,0.0,7.591327730099067
Brand E,2023-07-15,0.0,0.0,3.4138969941893214,13.077748932005642,47.35473752801628,0.0,42.42645471773685,0.0,12.331462742893969,0.0,0.0,0.0,0.0,7.203695157897637
Brand E,2023-07-22,0.0,0.0,3.416028074601341,15.723454192181801,15.397478281045586,0.0,336.3055225454856,0.0,82.35599530022041,0.0,0.0,0.0,0.0,5.426124503244062
Brand E,2023-07-29,0.0,0.0,11.800672173160345,10.747690681736971,12.632223578152422,0.0,49.55773200520755,0.0,13.097736797828825,0.0,0.0,0.0,0.0,4.8192448913265
Brand E,2023-08-05,0.0,0.0,3.2407651447388908,40.53254986208529,10.10398515098585,0.0,30.72332986581185,21.616827920992165,13.964246900697546,0.0,0.0,0.0,0.0,10.893992091094006
Brand E,2023-08-12,0.0,0.0,3.0000725354632487,6.465372787691616,8.177892000045969,0.0,22.739549010861037,27.938474334276222,12.362494859829715,0.0,0.0,0.0,0.0,7.950463767718784
Brand E,2023-08-19,0.0,0.0,2.097811774970697,5.216122476207281,6.942464864437347,0.0,21.375643935920266,37.858481663143216,17.255569587463793,0.0,47.09393875789839,0.0,0.0,3.040747496818517
Brand E,2023-08-26,0.0,0.0,2.662555664735975,5.659814023364104,7.452168833643867,0.0,21.296590520789497,57.61756720624257,30.97775581659835,0.0,7.84898979298306,0.0,0.0,4.578390526927772
Brand E,2023-09-02,0.0,3.8179585048876493e-07,2.5598032882294373,4.103465186251736,5.658730452095216,0.0,26.719348583327015,48.67028548451355,203.06264853806988,0.0,25.77415801795901,0.0,0.0,4.467384434720804
Brand E,2023-09-09,0.0,1.9089792524438201e-07,2.5172234300167586,4.651137369869533,5.820119184193366,0.0,36.46828808703091,31.545687908186146,20.518876359365603,0.0,4.2956930036295,0.0,0.0,4.595348550342209
Brand E,2023-09-16,0.0,5.72693775733147e-07,2.4318222903400257,5.7548470357718235,6.360835250759722,37.73540865218603,50.964691403751544,26.401586938884254,29.55451026235759,0.0,0.0,0.0,0.0,3.6651905379130048
Brand E,2023-09-23,0.0,0.0,2.434211882217239,2.365950733005149,4.0674687969693135,48.368627753781794,62.61768898399062,25.99553655784874,23.083090636922634,0.0,0.0,0.0,0.0,2.651475260858846
Brand E,2023-09-30,0.0,0.0,0.34477815893273606,2.8817595664618163,21.48615341584516,46.18595220116279,72.84081112201365,25.99553655784874,18.176961403103224,0.0,0.0,0.0,0.0,2.5152868279433425
Brand E,2023-10-07,0.0,0.0,0.0,2.43041153071086,3.1209193285008383,124.41116641836615,58.01662365757329,17.332673913905825,9.744499521657676,0.0,6.667387507367253,0.0,0.0,4.023664084003107
Brand E,2023-10-14,0.0,0.0,0.0,2.8155151067040447,4.179834592369291,37.085219443805485,50.69469558259693,18.468996767279613,10.936686413923407,0.0,0.0,0.0,0.0,6.128169816166261
Brand E,2023-10-21,0.0,0.0,0.0,2.7766217191928675,3.6381888872255828,0.0,42.508449981454774,4.000432505436216,0.0,0.0,0.0,0.0,0.0,0.6117853538038764
Brand E,2023-10-28,0.0,0.0,0.0,3.6663613702852267,5.252215765807457,37.80229697932301,38.539117935668045,19.001054289454625,13.635978246646125,0.0,0.0,0.0,0.0,4.6164818425123055
Brand E,2023-11-04,0.0,5.832062446301226,0.0,30.824947043444524,6.404514521092618,31.331040265903027,35.79048825966539,15.338088177357935,6.959285228448856,0.0,0.0,0.0,0.0,4.90798677667225
Brand E,2023-11-11,0.0,2.7618366915187433,0.0,3.175706557127119,4.053777206151564,27.266222505259076,34.901543569736255,15.21841086423528,8.795090324651593,0.0,0.0,0.0,0.0,2.72228015314902
Brand E,2023-11-18,0.0,3.566231180524128,0.0,3.3316295674925587,3.4175013666418383,25.36734248351186,34.73581680527357,15.186829350984954,8.379176571971136,0.0,4.866772725679805,0.0,0.0,2.252398123396381
Brand E,2023-11-25,0.0,3.8344668543667595,0.0,3.438209383385591,3.088167613867138,26.33118809615275,35.758864346502506,15.098733551112621,11.103689695009281,0.0,5.372457389833268,0.0,0.0,2.503061462505195
Brand E,2023-12-02,0.0,0.860849766713364,0.0,2.582000530390485,16.228219498484997,11.453845147805007,32.901746886920755,8.844268574817407,5.974523456441222,0.0,3.2471485457247167,0.0,0.0,1.3168002849468703
Brand E,2023-12-09,0.0,1.2564035759164314,1.0022301071716613,6.8746456560008244,1.8937707784796383,22.51918254782444,29.030071524410122,11.713535642770013,12.886499490611374,0.0,4.0503433191215485,0.0,0.0,1.0833791222280866
Brand E,2023-12-16,0.0,1.2564035759164314,1.0022301071716613,8.843811637016772,2.565965479069149,22.51918254782444,28.445843881581126,11.713535642770013,12.886499490611374,0.0,4.0503433191215485,0.0,0.0,1.0398128393575645
Brand E,2023-12-23,0.0,1.2564035759164314,1.0022301071716613,7.772350757073449,2.4837783004509393,22.51918254782444,202.65112061648895,11.713535642770013,12.886499490611374,0.0,4.0503433191215485,0.0,0.0,1.0820510216581076
Brand E,2023-12-30,0.0,1.2564035759164314,1.0022301071716613,22.507477351114623,2.5056533467433804,22.51918254782444,16.9152952033332,11.713535642770013,12.886499490611374,0.0,4.0503433191215485,0.0,0.0,0.09860074656873163
Brand E,2024-01-06,0.0,2.0264921430921596,0.0,4.42069147578517,2.8599615159776226,8.30732574304553,74.49122294959832,21.63716427074102,15.99262902643297,0.0,45.3990864628568,0.0,0.0,3.823349489099506
Brand E,2024-01-13,0.0,25.251573646143616,0.0,3.933424056981532,2.8237568888836533,155.8828535471405,78.26474737130636,22.125180275647292,13.53884026351613,0.0,2.404467030140947,0.0,0.0,1.436765278980011
Brand E,2024-01-20,0.0,6.1920628044338075,0.0,2.7573063184785576,2.0537585495819486,28.997719998716395,76.82446747114058,27.480242818522967,18.01245712455382,0.0,27.859230392635034,0.0,0.0,1.4838556950678803
Brand E,2024-01-27,0.0,6.8217526415440854,0.0,3.3509213721875906,1.9756404681762074,4.1886576431710445,76.82446747114058,28.611184730482073,17.98321581933518,0.0,7.432957717157066,0.0,0.0,1.6895362494677804
Brand E,2024-02-03,1.385907186481692,23.861145936738936,0.0,2.2930986828184703,1.460254423001259,18.507000156786383,73.02350004397495,21.16705361521927,17.21324210653795,0.0,10.399815492773147,0.0,0.0,1.158326636845825
Brand E,2024-02-10,2.6563221077559036,4.49893323193942,0.0,1.2030092555711314,0.9564909340415475,23.92995989260754,366.1982068383212,23.38847588603489,18.498175267291266,0.0,4.203842455779618,0.0,0.0,1.0193856096448597
Brand E,2024-02-17,2.829560506183533,5.0955786907149525,0.0,1.4206489504769264,1.2285140420116978,230.72633062875352,79.1174145922782,23.012929773554806,13.444744486664199,0.0,2.9590479680383757,0.0,0.0,1.429136086324148
Brand E,2024-02-24,2.829560506183533,4.606824149006181,0.4010764951761533,1.5020204640359325,1.2396282710623383,79.64874599515343,76.93009425358102,18.00121476675291,11.21135171612808,0.0,2.9590479680383757,0.0,0.0,1.3895462879655442
Brand E,2024-03-02,2.5197530151916374,4.835399813121524,1.1571645144426654,1.4797435345997803,1.063540911579432,17.479051520720066,64.58301974595673,14.762396555234744,9.4540187927168,0.0,17.861112424734614,0.0,0.0,1.1657420872947737
Brand E,2024-03-09,2.5022194966683293,3.4775999252453307,0.10619023651734077,1.5127028746173998,3.0366870018124836,16.769908788112424,56.38964348880679,17.390789494011575,11.482787769916234,0.0,4.831942063113053,0.0,0.0,1.2507062478463717
Brand E,2024-03-16,2.4987128234465805,7.253615324542343,0.0,1.0622510559429041,7.968173233309407,24.775055648723665,317.9243538463283,17.244049400069443,12.995722916553722,0.0,16.66796771255697,0.0,0.0,1.2322798388445795
Brand E,2024-03-23,2.4987128234465805,6.434303665455372,0.0,1.0408810925436611,1.2520219072761565,25.596185672917805,64.13820077402386,18.563242751073858,14.018195414215562,0.0,2.7772591469527077,0.0,0.0,1.2025060310099787
Brand E,2024-03-30,2.4987128234465805,3.6265959946595174,0.0,1.5511263212791304,2.3387597630340538,25.508408922431972,83.1162478729961,33.65936809404046,16.995841019689998,0.0,6.753420536183137,0.0,0.0,7.103352324577879
Brand E,2024-04-06,6.891062023955116,17.139746069154985,0.0,1.3977517019711543,1.6665694526552564,10.974627216252948,86.11109596450639,29.19088142827847,7.646348024402228,0.0,96.0329039797112,0.0,0.0,5.928316961041109
Brand E,2024-04-13,2.059823895200468,4.241721243840706,0.0,0.7844405345562816,0.3752754756222387,1.2819964286342302,70.71129167410683,8.5646338603897,4.699601862094219,0.0,15.89714411316397,0.0,0.0,0.0
Brand E,2024-04-20,0.9732675006338448,1.4825497539159456,0.0,5.662657613166198,1.0352504318106732,10.394751387573928,64.31129049397305,10.99919968024111,8.834197945208146,0.0,6.029027304249816,0.0,0.0,0.4567776080822898
Brand E,2024-04-27,0.11392604075791077,0.0,1.3225630538557762,2.131856319944779,1.8747353204851873,22.44919087697864,63.11271153168181,35.59377054417618,12.649135793731718,0.0,1.0048378839637988,0.0,0.0,5.173362999236668
Brand E,2024-05-04,0.0,0.0,4.716161088693814,2.810779903944889,2.509079238863932,21.607233670636976,70.24608154556088,25.17420426542105,8.95360700009952,0.0,5.420646802852356,0.0,0.0,1.4398446234916367
Brand E,2024-05-11,0.0,1.9718548435070045,2.521814197793618,3.0815922832438125,2.4355890885573204,18.19441675204698,40.571233319930776,12.974307370081197,12.53466125151966,0.0,12.223061240445594,0.4304606327005216,0.0,1.4641963413410837
Brand E,2024-05-18,0.0,3.597746219318596,2.2444607876872205,3.3343926547499225,3.0165548857697138,79.19723488665073,36.049799131745566,11.32208865252509,16.637580769331283,0.0,5.6598100536760505,0.6443581565123815,0.0,9.926998893052783
Brand E,2024-05-25,0.0,2.918840427275827,2.0635854079216016,3.198631218067024,3.1738027329317857,16.40693406116693,38.243907718912574,11.611509572583346,9.350836110393736,0.0,8.175281186974457,0.3643171202829311,0.0,0.9549493186237672
Brand E,2024-06-01,0.5850830203652216,3.6408555339661444,1.948362716523219,2.5826079478976807,2.672838489754815,15.146125108677808,41.242224595352894,16.167639085033727,15.797086488951193,0.0,2.832544781306479,1.5443714052755586,0.0,1.6658442996846035
Brand E,2024-06-08,4.095581142144651,62.706240134760776,1.3474591637681657,0.11765889470816002,0.06290903536663733,19.917767310598062,96.68551190879064,46.05615132732997,63.672798457532316,0.0,11.376614283735087,0.0,0.0,0.0
Brand E,2024-06-15,4.095581142144651,8.689916041559732,0.4089656524738937,0.8694009191841002,1.0771263525458639,18.20258285397625,92.90578631300957,44.69208041516309,62.7169992293889,0.0,11.376614283735087,0.0,0.0,1.018805327961882
Brand E,2024-06-22,4.095581142144651,10.991910965456476,1.3162454009547255,2.770255551614866,2.1128450491045796,18.20258285397625,92.90578631300957,130.5738416161496,62.7169992293889,0.0,11.376614283735087,0.0,0.0,1.5732949169330335
Brand E,2024-06-29,4.095581142144651,9.560676856697594,5.872395154916836,1.6636585228179053,1.088535298811746,18.20258285397625,92.90578631300957,44.69208041516309,157.6488076923722,0.0,11.376614283735087,0.0,0.0,0.8126814029791813
Brand E,2024-07-06,3.5966278324374428,4.154036087294465,0.8135805228581993,1.6788061915771426,1.2766379629943203,9.59100837373568,135.95243621275324,11.716634681218235,53.85687578130309,0.0,1.243899358986159,0.0,0.0,0.9313360651606368
Brand E,2024-07-13,24.52600387697462,1.8256339770797134,0.7817906930022562,2.3370140454293784,1.6984437982934917,11.189509770671213,158.61117556841668,13.669407127103252,62.833021735006774,0.0,1.4512159188171767,0.0,0.0,2.9556218672807235
Brand E,2024-07-20,4.196065804838579,8.792141991194827,0.7635097594927257,3.5390555535941584,2.726494314495148,11.189509770671213,158.61117556841668,13.669407127103252,62.833021735006774,0.0,1.4512159188171767,0.0,0.0,3.255256594742825
Brand E,2024-07-27,4.196065804838579,17.07585859041379,0.7637019627742255,3.6311682304533055,2.6137377390116177,11.189509770671213,158.61117556841668,13.669407127103252,62.833021735006774,0.0,1.4512159188171767,0.0,0.0,3.26661630044769
Brand E,2024-08-03,4.033478943037063,9.096020728903222,0.7318339313326039,3.4172547904305954,3.3910736043349776,10.755944768756056,129.07985484354535,13.13975241937198,14.301500342539601,0.0,1.394984998471554,0.0,0.0,3.2161687500234533
Brand E,2024-08-10,4.033478943037063,1.7209053748338254,0.883755756709488,9.249393503887838,10.91071146175979,13.060789806315515,125.18226456622541,20.60994929782636,7.633188331519565,0.0,10.614365582219317,0.0,0.0,6.3107253094936695
Brand E,2024-08-17,4.033478943037063,1.6583228097389113,1.2068536867069954,8.398428103536462,43.314519939122114,13.44493064622423,125.18226456622541,21.854982115634773,64.65615346065991,0.0,12.150929013790455,0.0,0.0,3.9091805828181583
Brand E,2024-08-24,4.033478943037063,0.14586229481975913,0.5091189918735859,1.0087963286090438,1.8869924365699395,1.92070437749116,125.18226456622541,3.1221403016926637,7.802272492054417,0.0,0.8842046862641921,0.0,0.0,0.0
Brand E,2024-08-31,0.5762112776578541,0.0,0.4529250394507948,2.7344555542914644,1.5088240864014448,0.0,40.611835297993274,0.0,1.114610355926642,0.0,0.19928357121022175,0.0,0.0,0.0
Brand E,2024-09-07,0.0,0.9769734404937238,0.039732779346480396,5.748150750627193,4.004059344175253,5.369724453135924,51.39252029669985,5.255550556702287,9.848964273549619,0.0,1.1095517965363761,0.0,0.0,1.9948933595956369
Brand E,2024-09-14,0.0,12.011897192173157,0.6431661002623289,44.76008155605279,6.172335346138515,9.019927210080384,51.16163552029357,49.55132275402357,7.12471767343639,0.0,3.635052585549111,0.0,0.0,6.280304235938574
Brand E,2024-09-21,0.0,4.900300355569924,0.7395301637093005,7.809740737651849,4.70077338033604,9.426173186575925,51.16163552029357,5.9770822086493425,9.01950697514253,0.0,4.0188344832645795,0.0,0.0,5.359046056105635
Brand E,2024-09-28,0.0,1.782445074303187,0.702601966015272,8.95761815752788,3.568398606898049,9.192856840067208,51.16163552029357,44.63492079586152,9.72867787989487,0.0,6.636809867477062,0.0,0.0,5.7111615348056475
Brand E,2024-10-05,0.0,14.919349935219635,0.8886580650355472,9.689891378616228,3.3325313508871623,8.42971590262277,49.44624246903543,7.59803004340362,8.035885078569052,0.0,7.558002991974613,2.719598344727011,0.0,2.184682009662067
Brand E,2024-10-12,0.0,4.096524173059562,1.4412622670698345,9.923228774582618,4.4007298382680355,14.96891682014839,59.5640186223056,23.166610409861484,7.643455773817238,0.0,9.566894431078927,21.637356022878393,0.0,38.348354126422024
Brand E,2024-10-19,0.0,6.151667938228116,5.520300838047612,3.3435330246955317,6.331580139433904,16.07041569818128,61.25031464287443,7.958710370212391,8.72976563208515,0.0,2.512839585054443,3.5201893160348012,0.0,5.368739706318032
Brand E,2024-10-26,0.0,9.15165548969929,5.435350387765639,5.75256734135467,8.433371320480816,16.07041649642333,61.25031464287443,8.013935559578353,9.922375684067545,0.0,2.3188186720365604,5.684974154540558,0.0,6.972387933308084
Brand E,2024-11-02,0.0,5.456692570100151,3.8918629235326625,4.483524133771955,6.001335120791248,2.235597379391018,59.64483200998532,7.239239539731212,4.569379404634613,0.0,1.426583356262115,3.918671804426455,0.0,6.481891533374108
Brand E,2024-11-09,0.0,9.856068412294446,4.978965755338472,98.97079930933884,18.53969862237285,0.0,60.14711435838505,1.0214116329092748,0.5276160353678812,0.0,21.013053410495882,24.432975969865204,0.0,6.484056051948121
Brand E,2024-11-16,0.0,7.418662057452605,4.258439443658073,6.312818531609083,12.044908216524338,13.41358427555937,60.23082806972124,6.958845960596116,7.6286475308273,0.0,3.4024222579730634,4.793180740172578,0.0,5.366726689425655
Brand E,2024-11-23,0.0,6.355329511096338,3.9050452962387046,6.08198957185441,7.231373937368027,15.649181653821607,60.23082806972124,8.118653621180039,8.591939916584014,0.0,4.152847992754359,3.30464682304517,0.0,9.4085256814012
Brand E,2024-11-30,0.0,8.049870815249056,4.680814336980542,7.135753479781036,5.686322541556508,15.649181653821607,60.23082806972124,8.118653621180039,8.918663673446085,0.0,4.916791186804967,5.085307200362367,0.0,5.937138774345502
Brand E,2024-12-07,0.0,7.810134370352031,4.724962907797063,6.158372583080441,4.688020157577874,15.278440939472244,108.4520255471799,7.926317092214841,7.586020374298208,0.0,1.7559064343283246,2.8184781795865224,0.0,7.946113666705974
Brand E,2024-12-14,0.0,9.77228524134854,3.5024403861774083,6.5363816868831375,4.496078189397255,15.27844081307177,116.72671013711495,7.926317092214841,7.471321604508604,0.0,1.2304351879129445,3.1910688042139412,0.0,5.98083925579621
Brand E,2024-12-21,0.0,7.796465481903564,2.8632870867954745,8.142615253329916,4.935770130452982,15.27844081307177,116.72671013711495,7.926317092214841,6.550237211625246,0.0,1.2304351879129445,3.43864791675451,0.0,6.854451372134697
Brand E,2024-12-28,0.0,10.727504883714841,6.017805740234848,12.013183151233363,8.198039627639394,2.1826344020796995,116.72671013711495,5.700448071408127,0.9134904219055604,0.0,1.2304351879129445,38.59088713806728,0.0,7.948019630491855
Brand E,2025-01-04,0.0,7.864619829747158,1.335161797804104,10.291533626566531,8.565544747192488,0.0,536.2251712370521,0.13125102325174892,0.0,0.0,0.8181890284362252,8.224514588828802,0.0,5.993020520027545
Brand E,2025-01-11,0.0,10.138238903649686,1.852592020979714,5.862612537191714,4.834715491934694,0.0,78.85685598808499,12.454546489115703,3.8959816531669147,0.0,0.28395979668227694,5.391971794157384,0.0,3.3958367473831523
Brand E,2025-01-18,0.0,6.972316118085239,3.297081620279296,24.08710499044831,4.431708610889561,3.6491460504258098,82.60250439552642,14.899192860542264,9.71699953388299,0.0,0.047326632783613626,4.1916224198118215,0.0,2.843210744535379
Brand E,2025-01-25,0.0,21.113638669923787,4.3839018971149395,4.406456490217821,4.833638627897293,15.761862920991511,484.04000532479273,12.680761089515721,9.82477982653066,0.0,0.0,4.721038218484333,0.0,1.644784269101053
Brand E,2025-02-01,0.0,7.512705097745577,3.6670051264467243,3.1334578679473224,3.312291649602393,16.423854176867774,80.8156317772691,9.998877233601323,7.150279518258258,0.0,0.0,1.8479941921220635,0.0,2.3314173429718568
Brand E,2025-02-08,0.0,4.084107139948312,3.3667184281120055,4.083739594781819,3.220246898588994,12.947780241572337,63.48100179597593,11.290727449951559,6.234883275768415,0.0,5.270879646661051,11.499133473861514,0.0,1.7346473796437134
Brand E,2025-02-15,0.0,4.2004863448558565,3.0154870276457935,7.360070736513153,2.8509164564794207,19.06592456856666,60.591895643279344,20.26724595440747,14.239356695436067,0.0,6.149359588087637,46.13073653518456,0.0,4.196426782506124
Brand E,2025-02-22,0.0,4.2079891676571055,3.036678562673153,12.255045538818665,5.943949588767244,88.36854791926079,60.591895450428346,27.424467429489724,18.85387563213706,0.0,6.149359588562251,6.125060597816583,0.0,4.474787229774491
Brand E,2025-03-01,0.0,4.541490983075447,2.953656737951761,8.342981776852598,7.347406374333045,2.6022541834745714,12.789066849643444,3.4813938582357,2.6407802661362294,0.0,0.0,5.054448083336635,0.0,4.2566767113449435
Brand E,2025-03-08,0.0,4.574942106127209,2.1300927366079767,6.721266234134931,6.712098039936032,2.876779860713007,47.0352331776789,22.399888958841732,16.02884646008796,0.0,0.0,4.704659813470388,0.0,4.516503265812179
Brand E,2025-03-15,0.0,4.201904497322215,2.163224955158608,5.308012373729675,4.031834658368352,0.04575427954488803,39.95385959584953,20.660483465723743,19.112009321651243,0.0,6.853790716462376,5.014799407454585,0.0,4.3079631276449355
Brand E,2025-03-22,0.0,4.4310282217001635,1.6305954358010624,5.4683735713513375,4.66976051149215,2.392000437177648,9.361268455518982,10.92832788178047,9.039346945392747,0.0,13.361938192772824,3.6959413071236153,0.0,4.4095346983091535
Brand E,2025-03-29,0.0,4.501559665577311,6.5576090879109685,5.962638382773318,4.685745048531139,9.15630769499259,40.308490872747925,6.743725019115941,7.385033105280601,0.0,12.350950458376063,3.4821715399804543,0.0,44.251768434216565
Brand E,2025-04-05,0.0,4.073693085612907,1.5061578878097932,6.666062329882321,3.7401478728087163,9.844307162365142,38.517416901595766,6.00001544084096,8.174483060703372,0.0,9.735041469609017,3.2016947194277354,0.0,4.083519774293005
Brand E,2025-04-12,0.0,4.250728831052343,1.5376059908519686,6.225032920719088,5.2002049046522645,1.4061961564311518,41.64331430160101,6.675291802122207,7.433736393621197,0.8314800356309993,6.9116210608875335,3.3507855149762635,0.0,3.5194856217698507
Brand E,2025-04-19,0.0,2.7004418229968112,0.4368122668522043,14.380135989429927,4.773162742651638,7.191885487734029,44.21558649696255,8.062475859984822,7.890629603087082,0.13858000593849915,0.9275538246151055,1.642170764918217,0.0,0.9677239820371509
Brand E,2025-04-26,0.0,0.7474432236014611,0.04520739528841429,2.2565100498398625,4.007892574757958,1.1986475813386506,42.50617872757754,1.1820757522708194,3.667016078062091,0.0,0.0,1.0088203022896305,0.0,0.5379107085509965
Brand E,2025-05-03,0.0,1.34629351207886,3.154284901045871,2.2619102192235796,3.497918438419368,7.79508164082649,41.02350095405949,6.705759049826001,13.531273927710856,0.0,0.0,3.3012063497887505,0.0,2.269052186929737
Brand E,2025-05-10,0.0,7.489801803787496,0.7621502070676878,2.660109451971312,2.4651649581693817,1.299180273543532,48.987652010923334,39.25747028777048,18.733042447630993,0.0,0.0,17.995550984924527,0.0,3.615551434209095
Brand E,2025-05-17,0.0,0.0,3.39392520246685,2.220444560702393,1.6798718297020734,6.161491739042284,50.31501051368645,34.08258124770637,14.383950922578608,0.0,0.0,1.1036795376183461,0.0,1.4964195825244024
Brand E,2025-05-24,0.0,0.0,3.7326257275102432,2.48189958212608,1.7681630693062618,7.5434037123754925,50.31501051368645,26.59480565964177,11.672615178387362,0.0,0.0,1.0352899576132095,0.0,1.4804106962793107
Brand E,2025-05-31,0.0,0.0,3.2774754881713797,2.4396343492033368,1.796827805920554,10.322960810191837,50.31501051368645,21.98704033463423,9.306136977741161,0.0,0.0,0.8516732370263108,0.0,1.7901662091418173
Brand E,2025-06-07,0.0,1.5701022385119086,2.1597674533556517,2.45977455472229,1.7634665644784884,5.958646454904168,46.28327612269131,20.602281385605135,76.57606611623973,0.0,0.0,0.7946041941478251,0.0,2.027734867606473
Brand E,2025-06-14,0.0,1.8155040178206339,2.1017105097830737,2.281303290205834,1.4522449405713544,6.70510170621476,45.33280417469813,19.973148424448624,8.73546906312903,0.0,0.0,0.9442772290146797,0.0,1.6410876498887357
Brand E,2025-06-21,0.0,1.7720521495769115,1.9294673903421695,2.2696934449941284,1.149277578801063,11.210014784160986,45.33280417469813,37.2023199939757,8.086898852916905,0.0,0.0,1.2267625944654041,0.0,1.7287612678532822
Brand E,2025-06-28,0.0,2.3979784685891796,2.57001279129626,2.0593587602758006,1.1870357772816014,10.40154107217026,45.33280417469813,39.96794972533672,8.563164309711315,0.0,0.0,1.2920207199352525,0.0,2.062533095735341
Brand E,2025-07-05,0.0,1.962086811113514,2.113232268545687,2.364895663332155,1.3316742246170608,7.974320172584853,44.61059219760647,45.444618251168485,7.87956662994951,0.0,0.0,2.160727005385778,0.0,5.1881148626698135
Brand E,2025-07-12,0.0,1.8864132363153598,2.1167318883478283,2.915501482124291,1.8116292862089471,1.0912351014992725,53.374749652544665,26.666178892703076,11.148694629542089,0.0,0.0,2.068962247947595,0.0,3.2948872584386395
Brand E,2025-07-19,0.0,1.617189215124379,1.707419208963644,4.34044392050437,2.87557214449211,5.863737647852158,54.8354425595468,52.023372430745304,10.430003110191215,0.0,0.0,2.8911238649557216,0.0,3.2219013013756266
Brand E,2025-07-26,0.0,1.2699422611584865,4.108438512429096,38.72833722875217,3.5517810577760507,7.1056757746938,54.8354425595468,17.33610208484927,10.470034591019738,0.0,0.0,16.152617565852225,0.0,28.94001632776597
Brand E,2025-08-02,0.0,1.9733657085799745,3.1151158460658532,4.5701251404455805,3.2351500412274006,7.305219700517727,53.81210647236036,17.857235832100837,4.918124934262851,0.0,0.0,3.589676459596371,0.0,3.080464025042682
Brand E,2025-08-09,0.0,2.690706262767038,2.192693636903041,4.225995178103769,1.121028340224694,6.572104710271117,65.78941284539144,13.336921680601712,11.5452504471978,0.0,1.4149059144421698,3.8727777542545234,0.0,3.187750452366389
Brand E,2025-08-16,0.0,53.61000986733308,2.282019623418954,4.718786142677515,4.109052760529098,4.282236063500488,67.78563058378893,13.460126234288118,14.722765243869041,0.0,9.952765210171227,4.527770193979864,0.0,3.151059213699659
Brand E,2025-08-23,0.0,33.412680739860924,2.251593782933762,4.436668186588835,3.9179622338041775,5.941182374708511,67.78563058378893,12.42736160144069,12.055439884617204,0.0,1.6507257332524647,5.635777773177644,0.0,3.891129071600519
Brand E,2025-08-30,0.0,1.8085585173939147,2.9733794692793034,1.6919725244708617,3.7384271736392547,6.721600331704507,33.89281873865402,12.2303622633655,8.03143531370403,0.0,4.7104740818631115,11.563914906930098,0.0,4.083675053583362
Brand E,2025-09-06,0.0,4.707844436527395,1.765915281409667,4.12285982062619,4.706276141029075,2.8429855618911586,59.24735696888615,8.539641797006453,6.141087241571274,0.0,6.197522098822267,4.506111096690988,0.0,4.887744136603852
Brand E,2025-09-13,0.0,2.514412955164884,2.133808835849646,5.557561082884918,4.997808976564999,3.9980340957844875,69.1219164687078,9.962915430359608,10.437345698084252,0.0,7.91342619116948,5.136558974004597,0.0,5.174351882161976
Brand E,2025-09-20,0.0,2.118789573937196,2.3713140336093494,5.547880946229954,4.835672341308306,0.5873671947831459,69.12191646965512,9.962915430359608,10.022290902201314,0.0,8.027256814434644,4.4138909954753185,0.0,4.943545546852602
Brand E,2025-09-27,0.0,2.1213856267233866,2.2152178383901733,5.11766642956928,6.6961307235240985,6.011817988307459,69.12191646951979,9.962915430359608,7.849983049849726,0.0,7.92890276013572,4.731342779289777,0.0,3.551941778469979
Brand E,2025-10-04,0.0,13.7345098416256,1.8177603109529057,5.439761111758223,7.508226563263127,6.17871405196501,63.427372814489125,9.704223122834025,11.546744043312023,0.0,7.751590473464858,4.7385837019378,0.0,2.7383994511277994
Brand E,2025-10-11,0.0,2.884051921962004,1.5585880218986643,5.079035943914118,7.7368395753885295,5.1794704478942,49.12150632735945,9.91545041432719,10.721166831736271,0.0,104.01960113220655,30.807078070523776,0.0,2.5935366213686644
Brand E,2025-10-18,0.0,2.971804634610737,1.1015343386361183,6.120359457173993,7.543830170908271,5.032164051090854,46.856328112009166,16.37347542285104,12.0204354397604,0.0,22.683326528844486,5.379094105092428,0.0,3.453115115440958
Brand E,2025-10-25,0.0,1.6348686955328915,1.117756604736285,8.293426509139492,24.438986887638986,9.925172086937318,46.85632811253953,11.332809283986347,8.197117803853674,0.0,0.9218813360343943,10.822027099381968,0.0,9.576185551646757
Brand E,2025-11-01,0.0,4.942277956811583,0.8957383640379873,4.832500723024632,6.3728719934365285,6.144824876771274,45.784090757061676,16.9058374692221,10.752078122668381,0.0,0.0,3.1194108728265233,0.0,20.969893595888898
Brand E,2025-11-08,0.0,5.489036238019245,7.796097158410948,5.878590652419416,7.243950727298671,4.540635683938061,42.882248995982415,17.101364976448135,11.736047669058257,0.0,47.42774276817403,3.948829543781045,0.0,18.41269377153245
Brand E,2025-11-15,0.0,2.8555397751384457,0.8792679013881074,5.984744783399136,7.42535712578121,8.120375683287556,42.39860870666432,14.454688790311076,12.692266747512909,0.0,7.904623795127495,4.080506641796866,0.0,0.9372260244125443
Brand E,2025-11-22,0.0,2.9218747892921395,1.0921140943414103,7.061959213014218,7.757844364356742,1.2523127819196602,42.39860870666432,14.03975373450488,10.718023823797207,0.0,0.0,4.128582195143501,0.0,4.065990502626115
Brand E,2025-11-29,0.0,1.4669981508725887,1.3143988680318646,3.549355361968351,4.794468175725879,3.772130463908366,42.39860870666432,14.03975373450488,10.766138465182822,0.0,0.0,4.65159711518402,0.0,2.197404080980062
Brand E,2025-12-06,0.0,1.1804639923362856,0.46358639096919185,2.8316650465154547,4.2143826111322955,0.6135166371327624,32.86795262267659,1.9572772118509127,2.245235563254811,0.0,46.28319649758143,1.2555567964098393,0.0,1.3659812457894318
Brand E,2025-12-13,0.0,1.6124671330649438,0.0,3.1685410918334767,4.73508644616555,0.0,31.450040119224813,0.0,0.5419670022454304,0.0,7.713866083351629,2.8056919964836093,0.0,1.9791536830540113
Brand E,2025-12-20,0.0,2.0903763827467916,0.0,7.985781806105345,14.431445071923171,0.0,31.450040119224813,0.0,0.06991126856452028,0.0,0.0,8.876930005704068,0.0,3.15413359092926
Brand E,2025-12-27,0.0,0.453390443456242,0.0,4.987196253171227,10.614443160425546,0.0,31.429398995156884,0.0,0.0,0.0,0.0,5.112958806461303,0.0,1.659460864754658
Brand F,2023-01-07,0.0,2.539425434180573,9.26464415715618,14.355836286495006,1.6346800653213251,0.0,0.0,18.298732260295466,3.8902173914327194,0.0,1.7635383112282401,0.0,0.0,3.4603164262083874
Brand F,2023-01-14,0.0,2.53650029403509,1.915878823503825,4.905793253773705,3.848413611608757,0.0,0.0,16.51546058472115,5.790354390155401,0.0,4.424084940578841,0.0,0.0,3.3349785453363583
Brand F,2023-01-21,0.0,2.5262985488615772,5.583524464327597,5.7403262881220725,5.111394011157897,0.0,0.0,20.116269629375953,6.0442794708583385,0.0,1.7635383112282401,0.0,0.0,6.759524505517329
Brand F,2023-01-28,0.0,0.0974365604299298,3.8539850929546393,16.14767800580647,6.525158795877031,0.0,0.0,27.146666183676338,5.0621664541647595,0.0,1.7635383112282401,0.0,0.0,6.284975954147092
Brand F,2023-02-04,0.0,12.949829507729333,1.3972011669355244,10.060519542928056,4.65779975812716,0.0,0.0,19.44421266826429,4.943397022370598,0.0,0.0,0.0,0.0,5.919921091412123
Brand F,2023-02-11,0.0,1.579164235402146,1.1799269231808804,4.9467503904336265,4.813575572231597,0.0,0.0,20.82851908875358,6.814201897724095,0.0,3.9910476412935143,0.0,0.0,5.991392124379038
Brand F,2023-02-18,0.0,0.5583255359315207,1.6150407731409644,4.840389633375526,5.039496661933839,0.0,0.0,20.18633067546855,7.031906704197439,0.0,3.9910476412935143,0.0,0.0,5.314799866007174
Brand F,2023-02-25,0.0,0.0952527641244861,3.187067019287949,4.464456195979293,5.058920614729035,0.0,0.0,20.18633067546855,7.053018121091341,0.0,3.9910476412935143,0.0,0.0,4.058497634768951
Brand F,2023-03-04,0.0,1.6461609012719642,1.9021362277462524,5.868798526202538,6.604926677919781,0.0,0.0,18.988278975776808,6.083637940427647,0.0,3.742973758021695,0.0,0.0,5.33382111469859
Brand F,2023-03-11,0.0,2.3690823685843316,1.0752044925188997,4.785610615566556,5.2220487334282435,0.0,0.0,19.0415284437461,5.770781829070525,0.0,1.870748398505967,0.0,0.0,5.124476838072187
Brand F,2023-03-18,0.0,1.5969047722661165,1.6350230294023136,5.320380609433728,5.502756203901955,0.0,0.0,139.71286447094718,5.864662962193956,0.0,1.870748398505967,0.0,0.0,5.1839936378249805
Brand F,2023-03-25,0.0,1.5768739347438638,1.6371558550479592,80.50972187784242,5.285091208025844,0.0,0.0,19.08971932044587,5.37617548354368,0.0,1.870748398505967,0.0,0.0,5.396533094745983
Brand F,2023-04-01,0.0,2.4734306757575677,2.197393536052302,20.798071947189722,13.665188912882996,0.0,0.0,0.145360599341185,2.3648547295605176,0.0,1.7373988682224688,0.0,0.0,4.4128236740249065
Brand F,2023-04-08,0.0,0.5469051684351678,0.5461604974031902,5.682340424513483,3.6371525578057753,0.0,0.0,0.0,0.0,0.0,0.7373528642948801,0.0,0.0,4.399549516399
Brand F,2023-04-15,0.0,1.449141380024931,1.4995076936546254,7.350944267521253,5.745359192119841,1.1689555909736522,0.0,1.4242309681236862,1.2908288231349052,0.0,2.9196355071819866,0.0,0.0,4.909169492478559
Brand F,2023-04-22,0.0,3.3854993933378448,2.7348042956101777,7.048630868839403,5.910674237761311,5.222437102760941,0.0,17.124194880341257,1.7311608247128178,0.0,2.9305628514189497,0.0,0.0,7.9396952387185715
Brand F,2023-04-29,0.0,1.2492378969110978,6.031645264522096,0.0,0.755922711250718,8.071180705229702,0.0,2.581658455778342,0.25267044792210996,0.0,0.4107398262612456,0.0,0.0,0.0
Brand F,2023-05-06,0.0,0.0,0.0,0.0,0.052251963307532394,0.0,0.0,0.0,0.0,0.0,0.0,0.0,0.0,0.0
Brand F,2023-05-13,0.0,2.630792816964869,2.3525370183638663,4.03674236240439,3.368343071636341,0.0,0.0,0.0,0.0,0.0,1.1198473631297678,0.0,0.0,5.0416373759368485
Brand F,2023-05-20,0.0,3.2116649332513085,3.0643933903023863,6.796311854155396,5.9811259657850036,0.2673520281911205,0.0,3.7902071584738364,1.8196946577220443,0.0,2.5404719776597915,0.0,0.0,11.116136367748242
Brand F,2023-05-27,0.0,3.101259600629448,3.0635000892763182,6.23943743971721,5.9660395836184685,0.6707250205149307,0.0,7.2760511173579365,4.430365910318062,0.0,2.742231826512099,0.0,0.0,8.712553380094684
Brand F,2023-06-03,0.0,2.9214976195013027,2.894737703412777,7.164237107670678,4.556241636673671,0.6960976927688692,0.0,10.672563663504219,4.529909691013104,0.0,1.6217356958036466,0.0,0.0,6.937408151593408
Brand F,2023-06-10,0.0,2.1997977933350845,1.1605677564571804,4.273616871644839,3.302729723005399,14.8062014457117,0.0,20.78783411578261,5.523517272271252,0.0,0.20972133766887208,0.0,0.0,6.58742954040971
Brand F,2023-06-17,0.0,2.0756855294732337,0.8932192013168426,2.2305886133398563,1.2899841668096002,33.68250703017496,0.0,25.774100723635087,6.661123080209947,0.0,0.0,0.0,0.0,3.6816198956634194
Brand F,2023-06-24,0.0,25.366413107053955,3.1686525582364147,3.4393471741202304,1.8101679591690032,36.65739243676948,0.0,25.881099082746328,8.33352333416397,0.0,0.0,0.0,0.0,6.028973649128245
Brand F,2023-07-01,0.0,3.675106258940663,3.6533822809981014,3.2729860845131755,1.8667523330015587,23.56206344535978,0.0,20.28874281898763,6.687934796905827,0.0,0.0,0.0,0.0,5.698787566438599
Brand F,2023-07-08,0.0,2.7744932938920552,2.3391316402336426,2.8459850690777952,1.671474724921184,0.0,0.0,24.680039482830015,6.045483637626041,0.0,0.0,0.0,0.0,3.569297705921666
Brand F,2023-07-15,0.0,2.6329246060461973,2.112380942786297,2.7719091200285324,1.0695349949507673,0.0,0.0,24.670253332621325,5.590355938482353,0.0,0.0,0.0,0.0,2.2882717827540406
Brand F,2023-07-22,0.0,4.318615831759682,4.534723927256303,4.255367219054587,1.8127140433856446,25.13742172168487,0.0,27.674602623830268,4.140708334119273,0.0,2.0592912354589155,0.0,0.0,26.90847711232038
Brand F,2023-07-29,0.0,3.7848042999593896,4.91853333269832,3.7684680237149175,2.1577228307201213,41.762838949935215,0.0,28.979423160296847,4.3432491018505095,0.0,6.693198154098437,0.0,0.0,5.218661428324743
Brand F,2023-08-05,0.0,3.197676051478599,1.7677069039570934,3.703330272514026,1.5727564905911422,0.0,0.0,0.0,0.0,0.0,0.0,0.0,0.0,2.6588752592372966
Brand F,2023-08-12,0.0,0.7684457360731499,0.22110558506803385,0.5260766523174993,0.011918035966199393,0.0,0.0,0.0,0.0,0.0,0.0,0.0,0.0,1.0967031122148683
Brand F,2023-08-19,0.0,0.7612939916110903,0.5472253961937759,6.388693840910495,1.8145535912668291,14.107425359926836,0.0,0.0,3.679460705752075,0.0,2.7590960501587474,0.0,0.0,4.362232893507952
Brand F,2023-08-26,0.0,15.326824430632216,0.993192526742934,11.912612745251424,3.9237200347655126,10.620608967770156,0.0,0.0,5.541432330725936,0.0,4.28712199487334,0.0,0.0,7.638387014622905
Brand F,2023-09-02,0.0,9.202599896215611,0.9940504648638814,8.60517433281621,3.0625864718454956,6.854066611632299,0.0,0.0,67.62624938317646,0.0,2.1240599408411396,0.0,0.0,4.8867688285047635
Brand F,2023-09-09,0.0,0.20641585141837016,0.13636119761254062,11.810516930727267,0.8850953127711692,3.156457754266121,0.0,0.0,4.864084043667359,0.0,1.511398979125838,0.0,0.0,0.0
Brand F,2023-09-16,0.0,2.2522137821661166,0.7257567660278555,5.840516252695935,2.6735838336831743,20.380502375166618,0.0,12.635028748284507,0.0,0.0,5.024599257300517,0.0,0.0,0.0
Brand F,2023-09-23,0.0,0.416392591181291,0.14091935404766306,0.7207051304161289,0.6437479925968768,19.490450745244363,0.0,31.587571864634587,0.0,0.0,1.673509556714302,0.0,0.0,0.0
Brand F,2023-09-30,0.0,0.0,0.0,18.15005671294882,1.9310610617821025,25.639201336821575,0.0,18.952543116350025,4.864084043667359,0.0,1.5673331983135288,0.0,0.0,1.5580427671813408
Brand F,2023-10-07,0.0,0.0,0.0,0.5378542981380935,0.46852720784076385,0.0,0.0,22.41251750423068,0.0,0.0,0.0,0.0,0.0,0.0
Brand F,2023-10-14,0.0,0.0,0.0,1.2702005959579403,1.7956226993861755,5.448214183762978,0.0,21.578868638254608,0.0,0.0,2.57575297180783,0.0,0.0,1.5154810239795282
Brand F,2023-10-21,0.0,0.0,0.0,1.4615452846926504,11.588111833900001,36.709946711480534,0.0,33.91576758422883,4.378054803271774,0.0,9.230397188668197,0.0,0.0,4.615778422419864
Brand F,2023-10-28,0.0,0.0,1.6383155719090887,2.088399543151361,2.078014198677319,36.23048184268297,0.0,258.9832988597413,7.576079862186863,0.0,16.16732909882894,0.0,0.0,4.621609424733129
Brand F,2023-11-04,0.0,0.0,0.9379317231110325,0.7350920391080238,1.4644986706998526,0.0,0.0,33.22456363823402,6.641170824484929,0.0,2.9316908840170437,0.0,0.0,2.8061787263440143
Brand F,2023-11-11,0.0,0.0,1.230113132839069,0.7857290947603093,1.6560341121436797,18.427218006317986,0.0,29.024065050209142,6.092885980414905,0.0,7.7695890228607265,0.0,0.0,1.7049297621629715
Brand F,2023-11-18,0.0,0.0,1.4280903362214912,0.5357030882589675,1.0572739381624148,17.36605566024636,0.0,28.4408388345924,7.4454741250514305,0.0,6.980321031462195,0.0,0.0,1.356675808288367
Brand F,2023-11-25,0.0,0.12134375063634459,1.2839909257707092,1.0050744947218422,9.921214297443173,18.427218006317986,0.0,29.068884646676256,10.937671398834873,0.0,8.180750449596278,0.0,0.0,1.3197228266152103
Brand F,2023-12-02,0.0,0.0,0.7117119852993947,1.4589021104358988,1.4632652929071293,16.86127727829886,0.0,15.146737878771901,5.190198954487965,0.0,5.313235462084627,0.0,0.0,1.641649291569828
Brand F,2023-12-09,0.0,5.826748864672876,1.6773607879597958,4.187804848841357,1.4580632103962317,14.136094364977968,0.0,28.539360158745385,8.578787723998767,0.0,7.630056415139025,0.0,0.0,1.6388761727294399
Brand F,2023-12-16,0.0,5.826748864672876,1.6773607879597958,3.579890995962104,0.9999129543256531,14.136094364977968,0.0,28.539360158745385,8.578787723998767,0.0,7.630056415139025,0.0,0.0,1.6431125307546268
Brand F,2023-12-23,0.0,5.826748864672876,1.6773607879597958,3.6188997336366127,1.1353649323434636,14.136094364977968,0.0,28.539360158745385,8.578787723998767,0.0,7.630056415139025,0.0,0.0,1.6438300914049746
Brand F,2023-12-30,0.0,5.826748864672876,1.6773607879597958,3.6393002473158833,1.3973719152801962,14.136094364977968,0.0,28.539360158745385,8.578787723998767,0.0,0.7253492803464536,0.0,0.0,1.60410480328591
Brand F,2024-01-06,0.0,0.0,0.5941285560970485,0.7974450354189649,2.908743881837934,0.0,16.564852027237002,16.92718563004761,7.5194159059316386,0.0,6.416455771022268,0.0,0.0,0.9916784006887058
Brand F,2024-01-13,0.0,0.7894872471627039,1.1987277874416755,1.5543687227118426,1.3135766650804086,5.631981203996504,17.10296806049176,17.954003237084255,8.208583885837381,0.0,7.025406827820715,0.0,0.0,1.3715908065285103
Brand F,2024-01-20,0.0,1.7036225799584455,4.041321453663775,2.3363209849082556,1.59043727740852,12.53188727783073,16.137762736980996,21.83831708684002,9.502787744599967,0.0,8.62426168133854,0.0,0.0,1.5063208522768878
Brand F,2024-01-27,0.0,1.8905309551523797,3.100550744000855,2.5034257401284035,1.5156673670527694,19.450292897234668,16.038636645302493,22.356240236262817,9.629289557162167,0.0,9.361861882630471,0.0,0.0,1.5088868057006
Brand F,2024-02-03,0.0,1.3342816778096558,2.2524975122161526,1.8281137583005116,1.3065632739611117,15.80797611284546,18.184225338708558,16.239268942381454,9.138142060797682,0.0,13.417067359151096,0.0,0.0,1.2446014857378072
Brand F,2024-02-10,0.0,1.8341233546771827,2.4989159067584437,2.0422472355944072,1.4791232446074423,23.29590853823299,23.091044705745183,201.58047828271776,9.952055175041938,0.676509739605349,7.862988488157637,0.0,0.0,6.4611856179593
Brand F,2024-02-17,0.0,1.2930312381338873,2.0253622490118097,2.300252734779138,1.8111056946614161,22.76689602774828,26.875762754573984,25.847533516460505,9.716064428830862,0.1127516232613294,6.4732994024249955,0.0,0.0,1.5549319758850126
Brand F,2024-02-24,0.0,1.4166063456909712,16.86339652829177,2.204775963854029,1.7114597288320301,23.42949366219857,29.34400030971836,24.356084369822312,9.999484088935274,0.0,5.591555416923626,0.0,0.0,7.2085030791622176
Brand F,2024-03-02,0.0,0.09709655988198271,0.9675220539731165,1.3473887759039787,1.0972025133215273,16.701532609840523,23.379312565225742,18.818042990674208,8.619183652376721,0.0,8.159780688011617,0.0,0.0,1.2403795193907883
Brand F,2024-03-09,0.0,0.15562735889905366,0.9342838657584794,0.5574508716394685,0.6335519508738359,12.521091739667979,17.949697108571563,13.820170711232915,7.859464494609151,0.0,3.521848639870301,0.0,0.0,1.3151283615037994
Brand F,2024-03-16,0.0,0.1680821701529654,1.14135971391279,0.5159777437581522,0.6314100057821855,10.832933343914375,34.88930667614432,13.4473353932033,7.683066184458617,0.0,4.077959069630525,0.0,0.0,1.3110717397698473
Brand F,2024-03-23,0.0,0.16982739984232098,1.1688036162321496,0.3746481416036768,0.4751436420554634,10.915645473575102,19.20841366623407,16.544286425982225,7.816403604374964,0.0,5.465359497121769,0.0,0.0,1.3214447630826294
Brand F,2024-03-30,0.0,0.16915491053346415,1.09928137874105,0.2894670259545648,0.3578520435768828,11.097265671177153,17.80897647971073,16.82685140237785,7.462605387663964,0.0,5.656594302329955,0.0,0.0,1.0236662631315367
Brand F,2024-04-06,0.0,0.2077623194519079,1.5234969827181593,0.8330098251632393,0.786400830287252,1.266474312252232,6.25127985911497,14.28605292419288,5.3993511248918304,0.0,1.8190693062697763,0.0,0.0,2.81089166376625
Brand F,2024-04-13,0.0,0.2105807479084371,1.8472101401716112,1.384672210892717,1.4796650899406052,0.0,4.622273234396058,14.241271092211125,5.301557097750822,0.0,0.21116107304651224,0.0,0.0,4.368889719628618
Brand F,2024-04-20,0.0,0.21072409676584222,1.7931815338489736,10.755154439096025,2.1008361590554894,0.0,6.345347590562582,2.0316024033594453,0.7613540876081396,0.0,0.0,0.0,0.0,4.367767955727733
Brand F,2024-04-27,0.0,1.2398387888118105,1.8104808911871366,4.191432590833093,3.6498361405648883,0.0,10.813515897969117,0.0,0.0,0.0,1.863526635575085,0.0,0.0,4.368085229757212
Brand F,2024-05-04,0.0,1.5392663334758305,1.6659728862878362,3.3510258584332537,2.873266614321916,0.0,34.95737516137219,0.0,0.0,0.0,8.920402040122944,0.0,0.0,1.7244016892948943
Brand F,2024-05-11,0.0,2.552399942852375,0.14905494154954196,3.7017837290091298,3.0091382150825217,0.0,21.7805813048349,0.0,0.0,0.0,6.448523016135043,0.7497794635877205,0.0,0.0
Brand F,2024-05-18,0.0,3.41078192530407,0.0,4.092625878364861,2.8733932006747405,0.0,36.810627391168985,0.0,0.0,0.0,4.338559106769097,0.0012699708666416335,0.0,0.0
Brand F,2024-05-25,0.0,2.373062400197875,0.0,1.0985188127945933,0.619378835708251,0.0,30.003169837702416,19.70261468797613,10.567701609553282,0.0,4.164038964126751,0.0,0.0,0.0
Brand F,2024-06-01,0.0,2.2290972791995576,0.0,1.1268865030654691,0.5293290142050886,23.8768822894914,11.881573927784046,27.10711747589075,12.565813032326039,0.0,5.188094074235113,0.0,0.0,1.1262060428187124
Brand F,2024-06-08,0.0,1.0950454421105802,0.4031287058837312,3.050941208359313,1.304007926493043,15.107658578460557,24.679357673918407,20.697777372842104,9.728767311858597,0.0,6.17504402662588,0.0,0.0,2.3727560915625308
Brand F,2024-06-15,0.0,1.004258559974168,0.5334525050310505,2.4593662773804184,1.0064317767795716,11.399597177763619,1.3042329639766537,16.688840992975923,8.109323512849537,0.0,5.537671330580654,0.0,0.0,2.018173128803942
Brand F,2024-06-22,0.0,2.907076120381502,0.9971837345261757,1.8142983974738065,0.7394217681051002,11.399597177763619,23.620189951721123,32.92298641463606,8.109323512849537,0.0,5.537671330580654,0.0,0.0,1.4641936971586664
Brand F,2024-06-29,0.0,5.772576989061085,0.55551594560892,1.6166173909352495,0.8174467089381392,11.399597177763619,23.620189951721123,16.688840992975923,8.109323512849537,0.0,5.537671330580654,0.0,0.0,1.4629652614088582
Brand F,2024-07-06,0.0,2.2006271601971283,0.044560071390615984,0.4431061691759207,0.15944284612224596,0.0,9.926569193021916,0.0,0.0,0.0,0.24659256156796772,0.0,0.0,0.2009305910014127
Brand F,2024-07-13,0.0,2.101627222627157,0.0,0.4628531021529133,0.07252109234176257,0.0,11.580997393530627,0.0,0.0,0.0,0.28769132187108926,0.0,0.0,0.0
Brand F,2024-07-20,0.0,1.9262907373716716,0.43065241601492904,1.0607807164333345,0.5100063257362025,8.903753438346234,11.580997393530627,7.075009682983703,17.292521654261023,0.0,0.28769132187108926,0.0,0.0,0.14031444209053354
Brand F,2024-07-27,0.0,1.8347534494378768,0.6291162837345357,1.8988637499649383,1.010588666119149,8.739547416433599,11.580997393530627,8.254177962645116,20.174608596637874,0.0,0.28769132187108926,0.0,0.0,0.3947197898353486
Brand F,2024-08-03,0.0,0.8520504185823569,0.6246041653422746,2.266381869278922,1.3205699021800745,8.400912215249452,42.454400000266716,7.934349591471738,19.3928939018829,0.0,0.27654401595023953,0.0,0.0,0.3194220673556662
Brand F,2024-08-10,0.0,1.216856869632622,0.7017844709526356,2.7168804177916837,1.4831032072471932,9.514981733121562,12.308945266505695,7.934349591471738,22.156932373164686,0.0,0.560432568017203,0.0,0.0,0.1592280243931694
Brand F,2024-08-17,0.0,1.4849052591242644,0.7123014145622446,6.771293061675513,3.212168441169246,1.3858085693854971,12.50505893722095,1.133478513101831,3.231086493503407,0.0,0.27654401595023953,0.0,0.0,0.8784552463233236
Brand F,2024-08-24,0.0,4.4245971979954755,0.7137007830440317,4.236533883587022,2.270452562149906,8.314851417518174,12.50505893722095,6.4492815911973524,19.386518958610015,0.0,0.27654401595023953,0.0,0.0,0.5922376238071851
Brand F,2024-08-31,0.0,1.4107708195224813,0.716256980009171,3.148422377372749,1.6877721533368268,9.70065998690367,12.50505893722095,46.111741997962056,22.617605455729066,0.0,0.27654401595023953,0.0,0.0,0.4226199556488932
Brand F,2024-09-07,0.0,0.919234374326607,0.5594780430290629,3.910192646699372,2.6655763226276403,5.246721751499027,10.33070031685928,10.94076369404085,7.440048319517961,0.0,0.28759112509791424,0.0,0.0,0.4257300129855139
Brand F,2024-09-14,0.0,1.878094074893877,1.3422278345610819,7.770015995545166,1.5433430123533565,6.371010496337638,9.641154568836201,11.494122391385767,10.410883598156616,0.0,0.28759112509791424,0.0,0.0,0.9297418079876579
Brand F,2024-09-21,0.0,1.8792078936029435,0.8283116144046468,31.831022565016305,2.994447633647918,6.77165193723355,9.641154568836201,6.206112418956938,12.885055254118512,0.0,0.28759112509791424,0.0,0.0,1.3896043073408466
Brand F,2024-09-28,0.0,1.9015959879171573,0.5387812768493235,4.919468140435154,3.335193226574891,6.409719114394701,10.111844281535372,5.270410308934885,12.755378349086852,0.0,0.28759112509791424,0.0,0.0,1.42753159300975
Brand F,2024-10-05,0.0,3.789892879407716,0.5206883855673763,2.241141091428207,1.340900496137834,5.69477972742551,9.848623328269044,4.089097965262071,9.086767245458615,0.0,0.2779485127658518,0.0,0.0,0.5932766054332382
Brand F,2024-10-12,0.0,5.202559520831552,1.6614668342555803,3.8296905535011265,10.115278586968602,0.8030243148350181,9.099161432976313,5.325311090420432,8.209069572373801,0.0,0.2779485127658518,0.0,0.0,1.4121552652089293
Brand F,2024-10-19,0.0,5.733234319354887,1.2455150306091993,4.0255100497649705,3.536654191698763,0.0,8.974251117466894,5.558970255317042,46.263546826385245,0.0,0.2779485127658518,0.0,0.0,1.5338340136299782
Brand F,2024-10-26,0.0,4.1661426238963815,0.5898245450918941,2.0512127114278775,1.5435977457860302,7.880796543848186,8.974251117466894,5.309705996945666,2.861872816744868,0.0,0.2779485127658518,0.0,0.0,1.0383691406542848
Brand F,2024-11-02,0.0,2.8001450211961307,0.5152122194079889,1.7722341468588634,1.3478724072159922,12.714264207280207,8.739019602391663,9.28842643936378,14.611875017141982,0.0,0.2706629745170317,0.0,0.0,0.12756633846418963
Brand F,2024-11-09,0.0,10.780495870322609,0.9503201736762933,2.0318215460889104,1.8393390141835941,7.578804346393022,22.851074675590205,12.1850286441329,12.74911423225998,0.0,0.2706629745170317,0.0,0.0,1.9109647724346934
Brand F,2024-11-16,0.0,4.14320814374769,0.5324408680048016,2.231818684503439,2.115427398066791,6.225086331089253,25.203083847252145,13.758348589313739,10.897976660895027,0.0,0.9800739281699761,0.0,0.0,0.10592885833617235
Brand F,2024-11-23,0.0,6.300911630647052,0.11059963934539259,2.360808416033348,2.1336865011580226,6.485291037437438,25.203083847252145,13.959359041667563,10.407571155703323,0.0,1.875562126616187,0.0,0.0,0.0
Brand F,2024-11-30,0.0,9.273028243748886,0.0,1.9208261329450669,5.221854704330854,6.46176436209234,25.203083847252145,8.726411612508015,10.281877348811198,0.0,2.0051043000876567,0.0,0.0,0.47807677274798477
Brand F,2024-12-07,0.0,5.456081472175733,0.0,2.0869436984934864,1.8007370041830797,6.437968683989026,28.220883536768355,8.247142919946763,9.41301397389002,0.0,0.2823262771011156,0.0,0.0,0.6529488819197075
Brand F,2024-12-14,0.0,2.0762175507331797,0.9385430420472408,2.4492057205514,2.1464786158544507,6.077609723107511,28.823363239671878,8.343636573703279,9.996701909398848,0.0,1.4046708104394587,1.1142980493165453,0.0,0.9521642840752381
Brand F,2024-12-21,0.0,1.9353545895498465,1.3074821159315946,2.7387683679519252,2.583402319562703,6.331649999690028,28.823363239671878,7.764673767132008,10.242801564836256,0.0,1.793485066435254,2.889414016248087,0.0,11.061441552266887
Brand F,2024-12-28,0.0,3.9702406168361746,1.5787811895983561,4.505541534770046,3.5519518546014615,6.308680687583334,26.028816098528978,1.0954542808699927,6.53791170947834,0.0,1.8266091076286486,2.1313993710440773,0.0,2.4189498684804516
Brand F,2025-01-04,0.0,3.2414157664355097,2.348806646762324,6.743782515798666,4.272110646244647,0.1356028193882533,94.81568692066922,0.0,0.645939026209785,0.0,0.316859200724597,0.0,0.0,3.8075083484099843
Brand F,2025-01-11,0.0,2.2253241800134385,1.6324239133573424,5.676112267301724,3.218448279898692,3.4856627776761444,30.836515486874756,11.163684617360104,5.260330073806105,0.0,5.002297572986972,0.0,0.30369525580226353,1.5796481442284893
Brand F,2025-01-18,0.0,1.2991459641613397,0.11655052254082222,5.664451795463165,2.9951242265184788,8.587848549300114,11.657307655045138,13.1700490848369,7.050969935920678,0.0,5.398187246749652,0.0,0.38286272337279925,0.562967019366086
Brand F,2025-01-25,0.0,2.0055083644030476,1.6945108920044412,4.346643641028263,1.9805592598388337,2.979413168847662,57.624988213000194,17.402060413487366,10.866523617827893,0.0,5.667863437048202,1.704516164107684,0.9959912627625568,0.7186471991176352
Brand F,2025-02-01,0.0,1.900614816245356,1.362448696315112,4.711470793624158,2.03392714902555,11.113278509284717,7.65227070978848,11.446875307442829,9.153647424419919,0.0,5.419804756638846,2.1284653149941257,1.078253200314777,0.4129038398458061
Brand F,2025-02-08,0.0,5.125716755824338,0.8097795666250684,37.01366989615072,1.9665854964919074,9.076976683898755,19.5061923314052,9.797437611750242,11.182081990310817,0.0,6.709396440250574,2.0403277311607604,1.2929918816229315,1.248045306943806
Brand F,2025-02-15,0.0,2.3326747325976465,1.166062128171146,4.66243004337879,1.9315078403613422,8.387574425329547,21.481845933799356,10.047057243877852,10.105310287423428,0.0,7.630784277090931,2.011065405744527,1.903988308128672,1.635691409625524
Brand F,2025-02-22,0.0,2.303458004736811,1.3818840286930296,4.339042406441105,1.9996562228886932,8.939600023044388,21.481845933799356,12.068908102626217,6.531427198823292,0.0,54.85639281398943,1.4395275765911912,1.5644301381173908,1.626089685481679
Brand F,2025-03-01,0.0,2.4191183066315585,1.3710166087080413,4.659288942081777,2.0679636329965785,1.0909500253783921,2.8297231371629055,1.29137647537375,1.0390402727558374,0.0,0.94658955209129,1.7583168858547111,0.8389390686228324,1.4048139813346523
Brand F,2025-03-08,0.0,2.5515504106040057,1.1813258720980788,4.690194763053084,2.1350227355265794,22.561340118573593,23.000865062232585,10.666318230045036,7.28348254471945,0.0,6.134048384784238,1.511264276665636,1.0148834059395353,1.8386835907054275
Brand F,2025-03-15,0.0,2.070339825679029,1.2687167139107292,3.2247148604693883,1.4986631624803008,1.4429495649260435,12.860804857444561,11.205679946481563,6.607886371732062,0.0,5.670645211162553,0.9242772858561561,0.9014571112988728,2.0023012881699116
Brand F,2025-03-22,0.0,2.0027288038907267,6.176823532254668,3.3407048776743116,1.5991024289054303,2.554499658889397,12.860804857444561,9.814605595468402,4.661052614235254,0.0,5.688296211971848,0.8396306667911916,0.7987739851253699,2.043877101937954
Brand F,2025-03-29,0.0,2.036853246867926,0.9319686749837047,3.703784743277157,1.6366706245720737,7.248065350792263,12.860804857444561,10.829505244598437,5.830102008284682,0.0,5.813855093670944,0.8396306667420105,0.7618533911127486,1.9565086106275933
Brand F,2025-04-05,0.0,0.697946908929308,0.27329856135622105,1.6768608713801618,0.6114841629440486,1.6272908483136201,117.589898824413,1.5202391874197192,0.8367776460796286,0.0,0.803261619871666,0.3160812945918804,3.5485916405497497,0.5280579480585387
Brand F,2025-04-12,0.0,3.45302098694217,1.2902338564528064,4.17928924079699,3.7651197759952604,0.0875991160637518,9.277826129028865,0.0,0.0,0.0,0.0,0.4106021306250412,0.29268251153812275,1.0935769856660764
Brand F,2025-04-19,0.0,2.718976453028924,1.3456235773458411,3.267821976764521,2.4551393645368234,0.0,8.757726155242445,7.27617150053267,2.4620398691433167,0.0,0.0,0.7511576720385821,0.3481930091575601,0.8878734033880772
Brand F,2025-04-26,0.0,2.5365535583026766,1.4537391883025368,2.1372317028569903,1.4363022342102414,0.0,8.757726155242445,8.52893327519661,50.63881925861901,0.0,0.0,0.8020629927756026,0.3969475666366548,0.7751585534084472
Brand F,2025-05-03,0.0,1.6244997905330822,0.5040215651591158,2.8334773266611735,1.9539591284130604,0.0,8.52077732512542,8.620451273127035,21.19769073079844,0.0,0.0,1.1161008540911874,0.37905378707406956,0.76862907283136
Brand F,2025-05-10,0.0,1.3966278839720743,0.8694731747227797,1.8122130080077903,1.0598109115679448,4.269384772546661,38.6902833557336,11.561912095954925,10.81750386594977,0.0,0.0,1.342551720563721,0.37403971883503917,1.3381973271695813
Brand F,2025-05-17,0.0,4.118883194627478,0.9112242309623565,2.4618735560615064,1.9133310561827745,9.022097511150001,6.245504909018212,10.82595046949675,6.577616963438726,0.0,2.4066235664073425,1.3649763383900657,0.3443489780511249,1.437171977322957
Brand F,2025-05-24,0.0,1.5658178921704498,0.9074151852017489,18.948158264861114,1.6093126946332925,9.845077434820734,0.0,10.874417711798388,8.48197248394489,0.0,4.556776524062434,1.3656355578734711,0.2872248808215794,1.0435430408844246
Brand F,2025-05-31,0.0,1.9906092760903324,0.671629274291178,4.0600774684847005,2.4924504655243642,9.7477817539394,0.0,10.694317694833703,23.137513493789925,0.0,4.809386830789001,1.7094784079740861,0.5793357095667424,1.5117928955896696
Brand F,2025-06-07,0.0,2.4114009857095384,0.5335866233533852,3.9827712805466615,2.0334396491774536,4.899973719312134,50.22571860717408,9.333541928608541,4.044393097587595,0.0,7.150029555185236,1.9031498997639693,0.26846869094062364,1.994158477281398
Brand F,2025-06-14,0.0,2.0664241810181103,0.6527948387629541,3.64664152514463,2.550176248788978,5.767459004579636,8.370953102104561,9.16814353541083,4.067556615651195,0.0,7.609138265491239,1.9752270384297803,0.4044454880159939,1.5786141802402174
Brand F,2025-06-21,0.0,2.472294813299659,0.6157598214588221,3.281550105157918,2.7878468890958086,7.085871759469573,0.0,14.297534931975745,4.476328458987154,0.0,7.810219848080312,1.960493066062672,0.34853960890470875,1.5967709082108927
Brand F,2025-06-28,0.0,2.411561316299211,0.632914352203003,3.723235863869265,2.8465105245406015,6.0701086562346305,0.0,15.040441347531104,3.8563435519783047,0.0,2.9197201245543165,8.328631260636081,0.492704482505379,1.533594651734123
Brand F,2025-07-05,0.0,2.614373766157734,0.5419374364541851,3.490055679757124,2.7419272628973146,5.68602776665876,0.0,18.48366155315938,3.6445880452341117,0.0,3.9546750434149733,1.1742001870402914,0.5224865845385492,1.6689704769006004
Brand F,2025-07-12,0.0,1.788122647012844,0.3191848181179387,3.550916933420154,4.41773681421247,8.093077852309623,49.74358238637285,12.478326074935067,5.165692408756516,0.0,5.18440334420181,1.0640162832519335,0.44964421758965645,2.0803661528741983
Brand F,2025-07-19,0.0,2.2935981992846872,3.4088768976533124,3.0182821559294633,4.663496471993826,8.496709840067165,6.988464532314473,10.073322304338864,6.632036489092676,0.0,6.07531045316709,0.9622849471555236,0.5978112454542183,1.7568773946880345
Brand F,2025-07-26,0.0,2.437241123404106,0.5604567312153963,2.3932059243058736,2.7089508666272195,8.496709840067165,0.0,9.857186420771631,5.671837141757553,0.0,13.0687219748839,2.214974562724773,0.5627571079775034,1.6232106143520293
Brand F,2025-08-02,0.0,2.401876171184383,0.6081011853640955,1.930817192501586,5.368609944086953,8.33814469687079,0.0,9.793250486138167,4.335098714678943,0.0,6.332213581799873,3.569556397845481,1.3984658835838772,1.493236508943119
Brand F,2025-08-09,0.0,4.840310803315319,1.507135591362307,2.1853728442122606,4.954824663192615,9.273370479084528,10.054384146404432,8.475926703559365,7.425265108989029,0.0,7.103330442082654,4.287976981463854,0.532535339945362,1.9023309575565395
Brand F,2025-08-16,0.0,2.6873520647623064,0.798428441538929,2.5376349604556783,3.095113724054911,71.10484382110559,11.730114836008928,8.798892954902266,8.854123459314069,0.0,7.256543431101367,5.446371917158898,0.44312950036989485,1.7996694508044142
Brand F,2025-08-23,0.0,2.7452111431116837,0.6485201703144251,2.415886009808754,3.9728760281181246,9.42924143444818,11.730114836008928,7.781556978251086,7.455058583244458,0.0,7.141908365837779,4.8439359867785825,0.17518981449746046,1.6058828022257214
Brand F,2025-08-30,0.0,2.1450201495245595,0.706103372509401,1.1497672725415484,2.04703489133212,9.42924143444818,21.27596241389085,9.253510763875303,57.21163933705558,0.0,7.122952385151779,5.259212321694989,0.41773703228371545,2.0035566705773626
Brand F,2025-09-06,0.0,2.4415029692069767,0.4267569912595088,2.48714126071165,4.414183703374227,7.540022378468219,8.150044841222385,9.570510242837345,4.202225904028962,0.0,5.939430052702053,4.872640470882936,0.46426976906499845,2.238630280435729
Brand F,2025-09-13,0.0,2.3188167365087904,0.5543693402383926,2.6768673088959334,4.067688134360495,9.285121872782037,9.508385650964756,10.902286548588012,9.394241453175438,0.0,6.888344066736519,4.505193663745813,0.5062203436680116,2.3241611233436243
Brand F,2025-09-20,0.0,1.9923224387461942,0.8295650778790918,2.4548693560971246,26.61606824919535,9.36652672219308,9.508385650964756,10.254321803949688,8.906578719458407,0.0,6.644734980423528,6.192927511973213,0.4697264751306504,2.1011340562691556
Brand F,2025-09-27,0.0,0.8140226645558227,1.3397390224758459,2.180672473913485,3.514359527368664,7.7003923633203675,9.508385650964756,11.825883248804956,8.70405996734664,0.0,6.606074402616365,5.767860850673132,0.4518846515363521,2.3345699855221107
Brand F,2025-10-04,0.0,0.48208697384207294,1.3353985589610862,1.551485818789467,3.34946031751616,8.729931861842251,9.315009744496818,12.408011744171786,8.748641611706637,0.0,5.012630774345838,2.442806599865873,0.0,0.0
Brand F,2025-10-11,0.0,0.5733669397610442,1.7243748996734252,2.7776754638295365,3.6786175008131567,8.329487806595477,21.204502720490137,12.034850908320921,8.05122159393307,0.0,11.298887907323346,3.4221058416256915,0.0,1.4986343961547544
Brand F,2025-10-18,0.0,0.5303411966862364,1.494734624677353,2.856740881997377,3.7758638953444508,8.386548014743722,23.186084885969276,12.675146757377533,8.33564196146685,0.0,8.744543312956575,3.8072370058743354,0.0,2.7073258008255108
Brand F,2025-10-25,0.0,1.5435761293964092,1.0908166484496624,3.053168326343153,4.3263962402263685,8.363894792523745,23.186084885969276,13.356825631265382,7.582626990318028,0.0,5.087662066120005,4.137247836345811,0.282972626069538,2.456546032040742
Brand F,2025-11-01,0.0,0.6754910273989697,1.0494701303199048,2.882594868398806,4.025511618427758,8.071775145310339,22.655505829874528,2.946144350526447,7.995376564098436,0.0,5.797640798380704,4.699777334019978,0.5628314376855742,2.790795118243699
Brand F,2025-11-08,0.0,0.9597641016384931,1.1698437083535722,2.7297799271325234,3.3232916762445317,9.98300409194516,21.36366422245813,11.446365896613926,9.22811948542341,0.0,6.179777619701763,9.734070818634907,0.9349302792517571,30.434583452342203
Brand F,2025-11-15,0.0,1.6335967364810482,1.1859501553936418,3.3461779610398223,5.023525679155341,9.241629085796093,21.148357283764934,12.193950131858747,8.760843740347847,0.0,6.2009657788358465,9.101798917268367,1.0914158555110478,3.8322333054422466
Brand F,2025-11-22,0.0,1.624362261979241,0.7305478947545004,3.3176360750073903,4.721847866679012,10.785045242789424,21.148357283764934,13.365078694174802,7.937718972916159,0.0,6.0097921771254335,11.952298569180131,1.1746852821942693,3.4191393485752197
Brand F,2025-11-29,0.0,1.2727104246989283,0.16915472998694678,3.530891646954737,2.9414982523329036,5.127108490934026,21.148357283764934,11.605990615628057,6.47893765489605,0.0,2.259228398370341,7.907620331408791,0.4663029163299699,2.727337329716751
Brand F,2025-12-06,0.0,0.6423393419930217,0.0,2.6080436498665214,4.216546367693874,0.5766439790604927,52.265526129603145,6.961944209441987,8.55799171840671,0.0,1.5998550649342123,1.2626290427153037,1.436177423812325,0.3553606164389619
Brand F,2025-12-13,0.0,6.218839840178292,0.0,4.323727059841989,6.241163911289814,0.0,70.26095268112627,0.898135778347485,1.2734661529940883,0.0,1.5998550649342123,0.6513686341952175,1.7225923045314147,0.0061930301862545035
Brand F,2025-12-20,0.0,2.376374223076316,0.0,2.381630036670052,3.831629960862142,0.0,57.53678111620401,0.0,0.03348024960706493,0.0,1.5998550649342123,9.64829950161455,1.5411695187401233,0.005840712320609476
Brand F,2025-12-27,0.0,3.920088468553664,0.0,3.4363525827973924,4.180150918202557,0.0,57.53678111620401,0.0,0.0,0.0,1.5998550649342123,12.005666928078822,1.5746425682830423,0.0012477978347942935
