week,region,avg_temp,avg_prcp,income_region,evento_deportivo,evento_social,feriado
2021-01-02,Region D,25.55,0.0,,,,
2021-01-02,Region E,24.990000000000002,0.0,,,,
2021-01-02,Region B,25.19,0.0,,,,
2021-01-02,Region A,24.8,0.0,,,,
2021-01-02,Region G,24.39,0.0,,,,
2021-01-02,Region C,28.740000000000002,0.0,,,,
2021-01-02,Region H,16.01,0.0,,,,
2021-01-02,Region F,21.59,0.0,,,,
2021-01-09,Region D,24.75714285714286,12.2,,,,
2021-01-09,Region E,24.19714285714286,10.004,,,,
2021-01-09,Region B,24.39714285714286,11.467999999999998,,,,
2021-01-09,Region A,24.00714285714286,2.6839999999999997,,,,
2021-01-09,Region G,23.59714285714286,8.418,,,,
2021-01-09,Region C,27.94714285714286,16.104,,,,
2021-01-09,Region H,15.21714285714286,9.149999999999999,,,,
2021-01-09,Region F,20.79714285714286,10.491999999999999,,,,
2021-01-16,Region D,22.8,43.2,,,,
2021-01-16,Region E,22.240000000000002,35.424,,,,
2021-01-16,Region B,22.44,40.608,,,,
2021-01-16,Region A,22.05,9.504000000000001,,,,
2021-01-16,Region G,21.64,29.808,,,,
2021-01-16,Region C,25.990000000000002,57.02400000000001,,,,
2021-01-16,Region H,13.260000000000002,32.400000000000006,,,,
2021-01-16,Region F,18.84,37.152,,,,
2021-01-23,Region D,24.871428571428574,0.0,,,,
2021-01-23,Region E,24.311428571428575,0.0,,,,
2021-01-23,Region B,24.511428571428574,0.0,,,,
2021-01-23,Region A,24.121428571428574,0.0,,,,
2021-01-23,Region G,23.711428571428574,0.0,,,,
2021-01-23,Region C,28.061428571428575,0.0,,,,
2021-01-23,Region H,15.331428571428575,0.0,,,,
2021-01-23,Region F,20.911428571428573,0.0,,,,
2021-01-30,Region D,25.828571428571426,38.9,,,,
2021-01-30,Region E,25.268571428571427,31.897999999999996,,,,
2021-01-30,Region B,25.468571428571426,36.565999999999995,,,,
2021-01-30,Region A,25.078571428571426,8.558,,,,
2021-01-30,Region G,24.668571428571425,26.840999999999998,,,,
2021-01-30,Region C,29.018571428571427,51.348,,,,
2021-01-30,Region H,16.288571428571426,29.174999999999997,,,,
2021-01-30,Region F,21.868571428571425,33.454,,,,
2021-02-06,Region D,21.47142857142857,70.69999999999999,,0.0,0.0,1.0
2021-02-06,Region E,20.911428571428573,57.97399999999999,,0.0,0.0,1.0
2021-02-06,Region B,21.111428571428572,66.45799999999998,,0.0,0.0,1.0
2021-02-06,Region A,20.72142857142857,15.553999999999997,,0.0,0.0,1.0
2021-02-06,Region G,20.31142857142857,48.78299999999999,,0.0,0.0,1.0
2021-02-06,Region C,24.661428571428573,93.32399999999998,,0.0,0.0,1.0
2021-02-06,Region H,11.931428571428572,53.02499999999999,,0.0,0.0,1.0
2021-02-06,Region F,17.51142857142857,60.80199999999999,,0.0,0.0,1.0
2021-02-13,Region D,22.785714285714285,27.200000000000003,,,,
2021-02-13,Region E,22.225714285714286,22.304000000000002,,,,
2021-02-13,Region B,22.425714285714285,25.568,,,,
2021-02-13,Region A,22.035714285714285,5.984000000000001,,,,
2021-02-13,Region G,21.625714285714285,18.768,,,,
2021-02-13,Region C,25.975714285714286,35.904,,,,
2021-02-13,Region H,13.245714285714286,20.400000000000002,,,,
2021-02-13,Region F,18.825714285714284,23.392000000000003,,,,
2021-02-20,Region D,22.985714285714288,38.300000000000004,,0.0,0.0,2.0
2021-02-20,Region E,22.42571428571429,31.406000000000002,,0.0,0.0,2.0
2021-02-20,Region B,22.625714285714288,36.002,,0.0,0.0,2.0
2021-02-20,Region A,22.235714285714288,8.426,,0.0,0.0,2.0
2021-02-20,Region G,21.825714285714287,26.427,,0.0,0.0,2.0
2021-02-20,Region C,26.17571428571429,50.556000000000004,,0.0,0.0,2.0
2021-02-20,Region H,13.445714285714288,28.725,,0.0,0.0,2.0
2021-02-20,Region F,19.025714285714287,32.938,,0.0,0.0,2.0
2021-02-27,Region D,25.0,6.6000000000000005,,,,
2021-02-27,Region E,24.44,5.412,,,,
2021-02-27,Region B,24.64,6.204,,,,
2021-02-27,Region A,24.25,1.4520000000000002,,,,
2021-02-27,Region G,23.84,4.554,,,,
2021-02-27,Region C,28.19,8.712000000000002,,,,
2021-02-27,Region H,15.46,4.95,,,,
2021-02-27,Region F,21.04,5.676,,,,
2021-03-06,Region D,24.185714285714283,4.199999999999999,,,,
2021-03-06,Region E,23.625714285714285,3.443999999999999,,,,
2021-03-06,Region B,23.825714285714284,3.947999999999999,,,,
2021-03-06,Region A,23.435714285714283,0.9239999999999998,,,,
2021-03-06,Region G,23.025714285714283,2.8979999999999992,,,,
2021-03-06,Region C,27.375714285714285,5.544,,,,
2021-03-06,Region H,14.645714285714284,3.1499999999999995,,,,
2021-03-06,Region F,20.225714285714282,3.611999999999999,,,,
2021-03-13,Region D,23.571428571428566,1.6,,,,
2021-03-13,Region E,23.011428571428567,1.312,,,,
2021-03-13,Region B,23.211428571428566,1.504,,,,
2021-03-13,Region A,22.821428571428566,0.35200000000000004,,,,
2021-03-13,Region G,22.411428571428566,1.1039999999999999,,,,
2021-03-13,Region C,26.761428571428567,2.112,,,,
2021-03-13,Region H,14.031428571428567,1.2000000000000002,,,,
2021-03-13,Region F,19.611428571428565,1.3760000000000001,,,,
2021-03-20,Region D,20.271428571428572,66.2,,,,
2021-03-20,Region E,19.711428571428574,54.284,,,,
2021-03-20,Region B,19.911428571428573,62.228,,,,
2021-03-20,Region A,19.521428571428572,14.564,,,,
2021-03-20,Region G,19.111428571428572,45.678,,,,
2021-03-20,Region C,23.461428571428574,87.38400000000001,,,,
2021-03-20,Region H,10.731428571428573,49.650000000000006,,,,
2021-03-20,Region F,16.31142857142857,56.932,,,,
2021-03-27,Region D,20.728571428571428,30.600000000000005,,,,
2021-03-27,Region E,20.16857142857143,25.092000000000002,,,,
2021-03-27,Region B,20.36857142857143,28.764000000000003,,,,
2021-03-27,Region A,19.978571428571428,6.732000000000001,,,,
2021-03-27,Region G,19.568571428571428,21.114,,,,
2021-03-27,Region C,23.91857142857143,40.39200000000001,,,,
2021-03-27,Region H,11.188571428571429,22.950000000000003,,,,
2021-03-27,Region F,16.768571428571427,26.316000000000003,,,,
2021-04-03,Region D,20.25714285714286,3.6,,0.0,0.0,2.0
2021-04-03,Region E,19.69714285714286,2.952,,0.0,0.0,2.0
2021-04-03,Region B,19.89714285714286,3.384,,0.0,0.0,2.0
2021-04-03,Region A,19.50714285714286,0.792,,0.0,0.0,2.0
2021-04-03,Region G,19.09714285714286,2.484,,0.0,0.0,2.0
2021-04-03,Region C,23.44714285714286,4.752000000000001,,0.0,0.0,2.0
2021-04-03,Region H,10.71714285714286,2.7,,0.0,0.0,2.0
2021-04-03,Region F,16.29714285714286,3.096,,0.0,0.0,2.0
2021-04-10,Region D,22.4,32.0,,,,
2021-04-10,Region E,21.84,26.24,,,,
2021-04-10,Region B,22.04,30.08,,,,
2021-04-10,Region A,21.65,7.04,,,,
2021-04-10,Region G,21.24,22.08,,,,
2021-04-10,Region C,25.59,42.24,,,,
2021-04-10,Region H,12.86,24.0,,,,
2021-04-10,Region F,18.439999999999998,27.52,,,,
2021-04-17,Region D,20.185714285714283,2.7,,,,
2021-04-17,Region E,19.625714285714285,2.214,,,,
2021-04-17,Region B,19.825714285714284,2.538,,,,
2021-04-17,Region A,19.435714285714283,0.5940000000000001,,,,
2021-04-17,Region G,19.025714285714283,1.863,,,,
2021-04-17,Region C,23.375714285714285,3.5640000000000005,,,,
2021-04-17,Region H,10.645714285714284,2.0250000000000004,,,,
2021-04-17,Region F,16.225714285714282,2.322,,,,
2021-04-24,Region D,20.47142857142857,5.7,,,,
2021-04-24,Region E,19.911428571428573,4.6739999999999995,,,,
2021-04-24,Region B,20.111428571428572,5.358,,,,
2021-04-24,Region A,19.72142857142857,1.254,,,,
2021-04-24,Region G,19.31142857142857,3.933,,,,
2021-04-24,Region C,23.661428571428573,7.524000000000001,,,,
2021-04-24,Region H,10.931428571428572,4.275,,,,
2021-04-24,Region F,16.51142857142857,4.902,,,,
2021-05-01,Region D,17.82857142857143,0.2,,0.0,0.0,1.0
2021-05-01,Region E,17.26857142857143,0.164,,0.0,0.0,1.0
2021-05-01,Region B,17.46857142857143,0.188,,0.0,0.0,1.0
2021-05-01,Region A,17.07857142857143,0.044000000000000004,,0.0,0.0,1.0
2021-05-01,Region G,16.66857142857143,0.13799999999999998,,0.0,0.0,1.0
2021-05-01,Region C,21.01857142857143,0.264,,0.0,0.0,1.0
2021-05-01,Region H,8.28857142857143,0.15000000000000002,,0.0,0.0,1.0
2021-05-01,Region F,13.868571428571428,0.17200000000000001,,0.0,0.0,1.0
2021-05-08,Region D,15.47142857142857,11.0,,,,
2021-05-08,Region E,14.91142857142857,9.02,,,,
2021-05-08,Region B,15.11142857142857,10.34,,,,
2021-05-08,Region A,14.72142857142857,2.42,,,,
2021-05-08,Region G,14.31142857142857,7.59,,,,
2021-05-08,Region C,18.66142857142857,14.520000000000001,,,,
2021-05-08,Region H,5.931428571428571,8.25,,,,
2021-05-08,Region F,11.51142857142857,9.459999999999999,,,,
2021-05-15,Region D,13.828571428571427,0.1,,,,
2021-05-15,Region E,13.268571428571427,0.082,,,,
2021-05-15,Region B,13.468571428571428,0.094,,,,
2021-05-15,Region A,13.078571428571427,0.022000000000000002,,,,
2021-05-15,Region G,12.668571428571427,0.06899999999999999,,,,
2021-05-15,Region C,17.018571428571427,0.132,,,,
2021-05-15,Region H,4.288571428571428,0.07500000000000001,,,,
2021-05-15,Region F,9.868571428571428,0.08600000000000001,,,,
2021-05-22,Region D,13.757142857142856,65.2,,,,
2021-05-22,Region E,13.197142857142856,53.464,,,,
2021-05-22,Region B,13.397142857142857,61.288,,,,
2021-05-22,Region A,13.007142857142856,14.344000000000001,,,,
2021-05-22,Region G,12.597142857142856,44.988,,,,
2021-05-22,Region C,16.947142857142858,86.06400000000001,,,,
2021-05-22,Region H,4.217142857142857,48.900000000000006,,,,
2021-05-22,Region F,9.797142857142855,56.072,,,,
2021-05-29,Region D,14.071428571428571,1.5,,0.0,0.0,1.0
2021-05-29,Region E,13.51142857142857,1.23,,0.0,0.0,1.0
2021-05-29,Region B,13.711428571428572,1.41,,0.0,0.0,1.0
2021-05-29,Region A,13.321428571428571,0.33,,0.0,0.0,1.0
2021-05-29,Region G,12.911428571428571,1.035,,0.0,0.0,1.0
2021-05-29,Region C,17.26142857142857,1.98,,0.0,0.0,1.0
2021-05-29,Region H,4.531428571428572,1.125,,0.0,0.0,1.0
2021-05-29,Region F,10.111428571428572,1.29,,0.0,0.0,1.0
2021-06-05,Region D,14.057142857142859,16.3,,,,
2021-06-05,Region E,13.497142857142858,13.366,,,,
2021-06-05,Region B,13.69714285714286,15.322,,,,
2021-06-05,Region A,13.307142857142859,3.5860000000000003,,,,
2021-06-05,Region G,12.897142857142859,11.247,,,,
2021-06-05,Region C,17.247142857142858,21.516000000000002,,,,
2021-06-05,Region H,4.51714285714286,12.225000000000001,,,,
2021-06-05,Region F,10.09714285714286,14.018,,,,
2021-06-12,Region D,13.657142857142857,0.5,,,,
2021-06-12,Region E,13.097142857142856,0.41,,,,
2021-06-12,Region B,13.297142857142857,0.47,,,,
2021-06-12,Region A,12.907142857142857,0.11,,,,
2021-06-12,Region G,12.497142857142856,0.345,,,,
2021-06-12,Region C,16.847142857142856,0.66,,,,
2021-06-12,Region H,4.117142857142857,0.375,,,,
2021-06-12,Region F,9.697142857142858,0.43,,,,
2021-06-19,Region D,10.328571428571427,0.2,,,,
2021-06-19,Region E,9.768571428571427,0.164,,,,
2021-06-19,Region B,9.968571428571428,0.188,,,,
2021-06-19,Region A,9.578571428571427,0.044000000000000004,,,,
2021-06-19,Region G,9.168571428571427,0.13799999999999998,,,,
2021-06-19,Region C,13.518571428571427,0.264,,,,
2021-06-19,Region H,0.7885714285714283,0.15000000000000002,,,,
2021-06-19,Region F,6.368571428571427,0.17200000000000001,,,,
2021-06-26,Region D,11.814285714285713,6.6,,,,
2021-06-26,Region E,11.254285714285713,5.411999999999999,,,,
2021-06-26,Region B,11.454285714285714,6.204,,,,
2021-06-26,Region A,11.064285714285713,1.452,,,,
2021-06-26,Region G,10.654285714285713,4.553999999999999,,,,
2021-06-26,Region C,15.004285714285713,8.712,,,,
2021-06-26,Region H,2.274285714285714,4.949999999999999,,,,
2021-06-26,Region F,7.854285714285713,5.675999999999999,,,,
2021-07-03,Region D,8.885714285714284,1.1,,,,
2021-07-03,Region E,8.325714285714284,0.902,,,,
2021-07-03,Region B,8.525714285714285,1.034,,,,
2021-07-03,Region A,8.135714285714284,0.24200000000000002,,,,
2021-07-03,Region G,7.725714285714284,0.759,,,,
2021-07-03,Region C,12.075714285714284,1.4520000000000002,,,,
2021-07-03,Region H,-0.6542857142857148,0.8250000000000001,,,,
2021-07-03,Region F,4.925714285714284,0.9460000000000001,,,,
2021-07-10,Region D,12.985714285714284,6.199999999999999,,1.0,0.0,2.0
2021-07-10,Region E,12.425714285714283,5.083999999999999,,1.0,0.0,2.0
2021-07-10,Region B,12.625714285714285,5.827999999999999,,1.0,0.0,2.0
2021-07-10,Region A,12.235714285714284,1.3639999999999999,,1.0,0.0,2.0
2021-07-10,Region G,11.825714285714284,4.278,,1.0,0.0,2.0
2021-07-10,Region C,16.175714285714285,8.184,,1.0,0.0,2.0
2021-07-10,Region H,3.445714285714285,4.6499999999999995,,1.0,0.0,2.0
2021-07-10,Region F,9.025714285714283,5.331999999999999,,1.0,0.0,2.0
2021-07-17,Region D,11.842857142857143,15.700000000000001,,,,
2021-07-17,Region E,11.282857142857143,12.874,,,,
2021-07-17,Region B,11.482857142857144,14.758000000000001,,,,
2021-07-17,Region A,11.092857142857143,3.454,,,,
2021-07-17,Region G,10.682857142857143,10.833,,,,
2021-07-17,Region C,15.032857142857143,20.724000000000004,,,,
2021-07-17,Region H,2.3028571428571443,11.775,,,,
2021-07-17,Region F,7.8828571428571435,13.502,,,,
2021-07-24,Region D,11.257142857142856,3.1,,0.0,1.0,0.0
2021-07-24,Region E,10.697142857142856,2.542,,0.0,1.0,0.0
2021-07-24,Region B,10.897142857142857,2.9139999999999997,,0.0,1.0,0.0
2021-07-24,Region A,10.507142857142856,0.682,,0.0,1.0,0.0
2021-07-24,Region G,10.097142857142856,2.139,,0.0,1.0,0.0
2021-07-24,Region C,14.447142857142856,4.0920000000000005,,0.0,1.0,0.0
2021-07-24,Region H,1.717142857142857,2.325,,0.0,1.0,0.0
2021-07-24,Region F,7.297142857142856,2.666,,0.0,1.0,0.0
2021-07-31,Region D,10.299999999999999,25.099999999999998,,,,
2021-07-31,Region E,9.739999999999998,20.581999999999997,,,,
2021-07-31,Region B,9.94,23.593999999999998,,,,
2021-07-31,Region A,9.549999999999999,5.521999999999999,,,,
2021-07-31,Region G,9.139999999999999,17.318999999999996,,,,
2021-07-31,Region C,13.489999999999998,33.132,,,,
2021-07-31,Region H,0.7599999999999998,18.825,,,,
2021-07-31,Region F,6.339999999999999,21.586,,,,
2021-08-07,Region D,11.771428571428572,0.0,,,,
2021-08-07,Region E,11.211428571428572,0.0,,,,
2021-08-07,Region B,11.411428571428573,0.0,,,,
2021-08-07,Region A,11.021428571428572,0.0,,,,
2021-08-07,Region G,10.611428571428572,0.0,,,,
2021-08-07,Region C,14.961428571428572,0.0,,,,
2021-08-07,Region H,2.231428571428573,0.0,,,,
2021-08-07,Region F,7.811428571428572,0.0,,,,
2021-08-14,Region D,9.614285714285714,60.2,,,,
2021-08-14,Region E,9.054285714285713,49.364,,,,
2021-08-14,Region B,9.254285714285714,56.588,,,,
2021-08-14,Region A,8.864285714285714,13.244000000000002,,,,
2021-08-14,Region G,8.454285714285714,41.538,,,,
2021-08-14,Region C,12.804285714285713,79.46400000000001,,,,
2021-08-14,Region H,0.07428571428571473,45.150000000000006,,,,
2021-08-14,Region F,5.654285714285714,51.772,,,,
2021-08-21,Region D,13.200000000000001,10.9,,,,
2021-08-21,Region E,12.64,8.938,,,,
2021-08-21,Region B,12.840000000000002,10.246,,,,
2021-08-21,Region A,12.450000000000001,2.398,,,,
2021-08-21,Region G,12.040000000000001,7.521,,,,
2021-08-21,Region C,16.39,14.388000000000002,,,,
2021-08-21,Region H,3.660000000000002,8.175,,,,
2021-08-21,Region F,9.240000000000002,9.374,,,,
2021-08-28,Region D,13.128571428571428,0.3,,,,
2021-08-28,Region E,12.568571428571428,0.24599999999999997,,,,
2021-08-28,Region B,12.768571428571429,0.282,,,,
2021-08-28,Region A,12.378571428571428,0.066,,,,
2021-08-28,Region G,11.968571428571428,0.207,,,,
2021-08-28,Region C,16.318571428571428,0.396,,,,
2021-08-28,Region H,3.588571428571429,0.22499999999999998,,,,
2021-08-28,Region F,9.168571428571429,0.258,,,,
2021-09-04,Region D,15.628571428571428,56.0,,,,
2021-09-04,Region E,15.068571428571428,45.919999999999995,,,,
2021-09-04,Region B,15.268571428571429,52.64,,,,
2021-09-04,Region A,14.878571428571428,12.32,,,,
2021-09-04,Region G,14.468571428571428,38.64,,,,
2021-09-04,Region C,18.818571428571428,73.92,,,,
2021-09-04,Region H,6.088571428571429,42.0,,,,
2021-09-04,Region F,11.668571428571429,48.16,,,,
2021-09-11,Region D,14.385714285714286,62.699999999999996,,,,
2021-09-11,Region E,13.825714285714286,51.413999999999994,,,,
2021-09-11,Region B,14.025714285714287,58.937999999999995,,,,
2021-09-11,Region A,13.635714285714286,13.793999999999999,,,,
2021-09-11,Region G,13.225714285714286,43.26299999999999,,,,
2021-09-11,Region C,17.575714285714287,82.764,,,,
2021-09-11,Region H,4.845714285714287,47.025,,,,
2021-09-11,Region F,10.425714285714285,53.922,,,,
2021-09-18,Region D,16.214285714285715,0.30000000000000004,,,,
2021-09-18,Region E,15.654285714285715,0.24600000000000002,,,,
2021-09-18,Region B,15.854285714285716,0.28200000000000003,,,,
2021-09-18,Region A,15.464285714285715,0.06600000000000002,,,,
2021-09-18,Region G,15.054285714285715,0.20700000000000002,,,,
2021-09-18,Region C,19.404285714285717,0.3960000000000001,,,,
2021-09-18,Region H,6.674285714285716,0.22500000000000003,,,,
2021-09-18,Region F,12.254285714285714,0.258,,,,
2021-09-25,Region D,14.87142857142857,2.1,,0.0,1.0,0.0
2021-09-25,Region E,14.31142857142857,1.722,,0.0,1.0,0.0
2021-09-25,Region B,14.51142857142857,1.974,,0.0,1.0,0.0
2021-09-25,Region A,14.12142857142857,0.462,,0.0,1.0,0.0
2021-09-25,Region G,13.71142857142857,1.4489999999999998,,0.0,1.0,0.0
2021-09-25,Region C,18.06142857142857,2.7720000000000002,,0.0,1.0,0.0
2021-09-25,Region H,5.331428571428571,1.5750000000000002,,0.0,1.0,0.0
2021-09-25,Region F,10.91142857142857,1.806,,0.0,1.0,0.0
2021-10-02,Region D,16.271428571428572,17.0,,,,
2021-10-02,Region E,15.711428571428572,13.94,,,,
2021-10-02,Region B,15.911428571428573,15.979999999999999,,,,
2021-10-02,Region A,15.521428571428572,3.74,,,,
2021-10-02,Region G,15.111428571428572,11.729999999999999,,,,
2021-10-02,Region C,19.461428571428574,22.44,,,,
2021-10-02,Region H,6.731428571428573,12.75,,,,
2021-10-02,Region F,12.311428571428571,14.62,,,,
2021-10-09,Region D,14.528571428571428,1.1,,,,
2021-10-09,Region E,13.968571428571428,0.902,,,,
2021-10-09,Region B,14.168571428571429,1.034,,,,
2021-10-09,Region A,13.778571428571428,0.24200000000000002,,,,
2021-10-09,Region G,13.368571428571428,0.759,,,,
2021-10-09,Region C,17.71857142857143,1.4520000000000002,,,,
2021-10-09,Region H,4.988571428571429,0.8250000000000001,,,,
2021-10-09,Region F,10.568571428571428,0.9460000000000001,,,,
2021-10-16,Region D,16.614285714285714,7.199999999999999,,,,
2021-10-16,Region E,16.054285714285715,5.903999999999999,,,,
2021-10-16,Region B,16.254285714285714,6.767999999999999,,,,
2021-10-16,Region A,15.864285714285714,1.5839999999999999,,,,
2021-10-16,Region G,15.454285714285714,4.967999999999999,,,,
2021-10-16,Region C,19.804285714285715,9.504,,,,
2021-10-16,Region H,7.074285714285715,5.3999999999999995,,,,
2021-10-16,Region F,12.654285714285713,6.191999999999999,,,,
2021-10-23,Region D,18.042857142857144,10.399999999999999,,,,
2021-10-23,Region E,17.482857142857146,8.527999999999999,,,,
2021-10-23,Region B,17.682857142857145,9.775999999999998,,,,
2021-10-23,Region A,17.292857142857144,2.288,,,,
2021-10-23,Region G,16.882857142857144,7.175999999999998,,,,
2021-10-23,Region C,21.232857142857146,13.727999999999998,,,,
2021-10-23,Region H,8.502857142857145,7.799999999999999,,,,
2021-10-23,Region F,14.082857142857144,8.943999999999999,,,,
2021-10-30,Region D,23.557142857142857,2.0,,,,
2021-10-30,Region E,22.997142857142858,1.64,,,,
2021-10-30,Region B,23.197142857142858,1.88,,,,
2021-10-30,Region A,22.807142857142857,0.44,,,,
2021-10-30,Region G,22.397142857142857,1.38,,,,
2021-10-30,Region C,26.747142857142858,2.64,,,,
2021-10-30,Region H,14.017142857142858,1.5,,,,
2021-10-30,Region F,19.597142857142856,1.72,,,,
2021-11-06,Region D,19.12857142857143,7.8999999999999995,,,,
2021-11-06,Region E,18.56857142857143,6.477999999999999,,,,
2021-11-06,Region B,18.76857142857143,7.425999999999999,,,,
2021-11-06,Region A,18.37857142857143,1.738,,,,
2021-11-06,Region G,17.96857142857143,5.451,,,,
2021-11-06,Region C,22.31857142857143,10.427999999999999,,,,
2021-11-06,Region H,9.58857142857143,5.925,,,,
2021-11-06,Region F,15.168571428571429,6.794,,,,
2021-11-13,Region D,19.985714285714288,7.6,,,,
2021-11-13,Region E,19.42571428571429,6.231999999999999,,,,
2021-11-13,Region B,19.625714285714288,7.143999999999999,,,,
2021-11-13,Region A,19.235714285714288,1.672,,,,
2021-11-13,Region G,18.825714285714287,5.244,,,,
2021-11-13,Region C,23.17571428571429,10.032,,,,
2021-11-13,Region H,10.445714285714288,5.699999999999999,,,,
2021-11-13,Region F,16.025714285714287,6.536,,,,
2021-11-20,Region D,20.414285714285715,20.900000000000002,,,,
2021-11-20,Region E,19.854285714285716,17.138,,,,
2021-11-20,Region B,20.054285714285715,19.646,,,,
2021-11-20,Region A,19.664285714285715,4.598000000000001,,,,
2021-11-20,Region G,19.254285714285714,14.421000000000001,,,,
2021-11-20,Region C,23.604285714285716,27.588000000000005,,,,
2021-11-20,Region H,10.874285714285715,15.675,,,,
2021-11-20,Region F,16.454285714285714,17.974,,,,
2021-11-27,Region D,23.485714285714288,19.0,,,,
2021-11-27,Region E,22.92571428571429,15.579999999999998,,,,
2021-11-27,Region B,23.125714285714288,17.86,,,,
2021-11-27,Region A,22.735714285714288,4.18,,,,
2021-11-27,Region G,22.325714285714287,13.11,,,,
2021-11-27,Region C,26.67571428571429,25.080000000000002,,,,
2021-11-27,Region H,13.945714285714288,14.25,,,,
2021-11-27,Region F,19.525714285714287,16.34,,,,
2021-12-04,Region D,20.585714285714285,82.5,,,,
2021-12-04,Region E,20.025714285714287,67.64999999999999,,,,
2021-12-04,Region B,20.225714285714286,77.55,,,,
2021-12-04,Region A,19.835714285714285,18.15,,,,
2021-12-04,Region G,19.425714285714285,56.925,,,,
2021-12-04,Region C,23.775714285714287,108.9,,,,
2021-12-04,Region H,11.045714285714286,61.875,,,,
2021-12-04,Region F,16.625714285714285,70.95,,,,
2021-12-11,Region D,22.099999999999998,7.6000000000000005,,,,
2021-12-11,Region E,21.54,6.232,,,,
2021-12-11,Region B,21.74,7.144,,,,
2021-12-11,Region A,21.349999999999998,1.6720000000000002,,,,
2021-12-11,Region G,20.939999999999998,5.244,,,,
2021-12-11,Region C,25.29,10.032000000000002,,,,
2021-12-11,Region H,12.559999999999999,5.7,,,,
2021-12-11,Region F,18.139999999999997,6.5360000000000005,,,,
2021-12-18,Region D,22.857142857142858,15.5,,,,
2021-12-18,Region E,22.29714285714286,12.709999999999999,,,,
2021-12-18,Region B,22.497142857142858,14.569999999999999,,,,
2021-12-18,Region A,22.107142857142858,3.41,,,,
2021-12-18,Region G,21.697142857142858,10.694999999999999,,,,
2021-12-18,Region C,26.04714285714286,20.46,,,,
2021-12-18,Region H,13.317142857142859,11.625,,,,
2021-12-18,Region F,18.897142857142857,13.33,,,,
2021-12-25,Region D,24.985714285714288,9.5,,0.0,0.0,1.0
2021-12-25,Region E,24.42571428571429,7.789999999999999,,0.0,0.0,1.0
2021-12-25,Region B,24.625714285714288,8.93,,0.0,0.0,1.0
2021-12-25,Region A,24.235714285714288,2.09,,0.0,0.0,1.0
2021-12-25,Region G,23.825714285714287,6.555,,0.0,0.0,1.0
2021-12-25,Region C,28.17571428571429,12.540000000000001,,0.0,0.0,1.0
2021-12-25,Region H,15.445714285714288,7.125,,0.0,0.0,1.0
2021-12-25,Region F,21.025714285714287,8.17,,0.0,0.0,1.0
2022-01-01,Region D,26.685714285714287,2.5999999999999996,,0.0,0.0,1.0
2022-01-01,Region E,26.125714285714288,2.1319999999999997,,0.0,0.0,1.0
2022-01-01,Region B,26.325714285714287,2.4439999999999995,,0.0,0.0,1.0
2022-01-01,Region A,25.935714285714287,0.572,,0.0,0.0,1.0
2022-01-01,Region G,25.525714285714287,1.7939999999999996,,0.0,0.0,1.0
2022-01-01,Region C,29.875714285714288,3.4319999999999995,,0.0,0.0,1.0
2022-01-01,Region H,17.145714285714288,1.9499999999999997,,0.0,0.0,1.0
2022-01-01,Region F,22.725714285714286,2.2359999999999998,,0.0,0.0,1.0
2022-01-08,Region D,24.685714285714287,12.1,,,,
2022-01-08,Region E,24.125714285714288,9.921999999999999,,,,
2022-01-08,Region B,24.325714285714287,11.373999999999999,,,,
2022-01-08,Region A,23.935714285714287,2.662,,,,
2022-01-08,Region G,23.525714285714287,8.348999999999998,,,,
2022-01-08,Region C,27.875714285714288,15.972,,,,
2022-01-08,Region H,15.145714285714288,9.075,,,,
2022-01-08,Region F,20.725714285714286,10.405999999999999,,,,
2022-01-15,Region D,27.957142857142856,1.0,,,,
2022-01-15,Region E,27.397142857142857,0.82,,,,
2022-01-15,Region B,27.597142857142856,0.94,,,,
2022-01-15,Region A,27.207142857142856,0.22,,,,
2022-01-15,Region G,26.797142857142855,0.69,,,,
2022-01-15,Region C,31.147142857142857,1.32,,,,
2022-01-15,Region H,18.417142857142856,0.75,,,,
2022-01-15,Region F,23.997142857142855,0.86,,,,
2022-01-22,Region D,25.185714285714283,58.6,,,,
2022-01-22,Region E,24.625714285714285,48.052,,,,
2022-01-22,Region B,24.825714285714284,55.083999999999996,,,,
2022-01-22,Region A,24.435714285714283,12.892000000000001,,,,
2022-01-22,Region G,24.025714285714283,40.434,,,,
2022-01-22,Region C,28.375714285714285,77.352,,,,
2022-01-22,Region H,15.645714285714284,43.95,,,,
2022-01-22,Region F,21.225714285714282,50.396,,,,
2022-01-29,Region D,23.400000000000002,35.699999999999996,,,,
2022-01-29,Region E,22.840000000000003,29.273999999999994,,,,
2022-01-29,Region B,23.040000000000003,33.55799999999999,,,,
2022-01-29,Region A,22.650000000000002,7.853999999999999,,,,
2022-01-29,Region G,22.240000000000002,24.632999999999996,,,,
2022-01-29,Region C,26.590000000000003,47.123999999999995,,,,
2022-01-29,Region H,13.860000000000003,26.775,,,,
2022-01-29,Region F,19.44,30.701999999999995,,,,
2022-02-05,Region D,23.35714285714286,12.100000000000001,,,,
2022-02-05,Region E,22.797142857142862,9.922,,,,
2022-02-05,Region B,22.99714285714286,11.374,,,,
2022-02-05,Region A,22.60714285714286,2.6620000000000004,,,,
2022-02-05,Region G,22.19714285714286,8.349,,,,
2022-02-05,Region C,26.547142857142862,15.972000000000003,,,,
2022-02-05,Region H,13.817142857142862,9.075000000000001,,,,
2022-02-05,Region F,19.39714285714286,10.406,,,,
2022-02-12,Region D,20.97142857142857,3.5999999999999996,,,,
2022-02-12,Region E,20.411428571428573,2.9519999999999995,,,,
2022-02-12,Region B,20.611428571428572,3.3839999999999995,,,,
2022-02-12,Region A,20.22142857142857,0.7919999999999999,,,,
2022-02-12,Region G,19.81142857142857,2.4839999999999995,,,,
2022-02-12,Region C,24.161428571428573,4.752,,,,
2022-02-12,Region H,11.431428571428572,2.6999999999999997,,,,
2022-02-12,Region F,17.01142857142857,3.0959999999999996,,,,
2022-02-19,Region D,23.02857142857143,0.2,,,,
2022-02-19,Region E,22.46857142857143,0.164,,,,
2022-02-19,Region B,22.66857142857143,0.188,,,,
2022-02-19,Region A,22.27857142857143,0.044000000000000004,,,,
2022-02-19,Region G,21.86857142857143,0.13799999999999998,,,,
2022-02-19,Region C,26.21857142857143,0.264,,,,
2022-02-19,Region H,13.48857142857143,0.15000000000000002,,,,
2022-02-19,Region F,19.068571428571428,0.17200000000000001,,,,
2022-02-26,Region D,22.45714285714286,68.2,,,,
2022-02-26,Region E,21.89714285714286,55.924,,,,
2022-02-26,Region B,22.09714285714286,64.108,,,,
2022-02-26,Region A,21.70714285714286,15.004000000000001,,,,
2022-02-26,Region G,21.29714285714286,47.058,,,,
2022-02-26,Region C,25.64714285714286,90.024,,,,
2022-02-26,Region H,12.91714285714286,51.150000000000006,,,,
2022-02-26,Region F,18.497142857142858,58.652,,,,
2022-03-05,Region D,23.2,263.5,,0.0,0.0,2.0
2022-03-05,Region E,22.64,216.07,,0.0,0.0,2.0
2022-03-05,Region B,22.84,247.69,,0.0,0.0,2.0
2022-03-05,Region A,22.45,57.97,,0.0,0.0,2.0
2022-03-05,Region G,22.04,181.815,,0.0,0.0,2.0
2022-03-05,Region C,26.39,347.82,,0.0,0.0,2.0
2022-03-05,Region H,13.66,197.625,,0.0,0.0,2.0
2022-03-05,Region F,19.24,226.60999999999999,,0.0,0.0,2.0
2022-03-12,Region D,21.357142857142858,25.099999999999998,,,,
2022-03-12,Region E,20.79714285714286,20.581999999999997,,,,
2022-03-12,Region B,20.997142857142858,23.593999999999998,,,,
2022-03-12,Region A,20.607142857142858,5.521999999999999,,,,
2022-03-12,Region G,20.197142857142858,17.318999999999996,,,,
2022-03-12,Region C,24.54714285714286,33.132,,,,
2022-03-12,Region H,11.817142857142859,18.825,,,,
2022-03-12,Region F,17.397142857142857,21.586,,,,
2022-03-19,Region D,20.900000000000002,21.9,,,,
2022-03-19,Region E,20.340000000000003,17.958,,,,
2022-03-19,Region B,20.540000000000003,20.586,,,,
2022-03-19,Region A,20.150000000000002,4.818,,,,
2022-03-19,Region G,19.740000000000002,15.110999999999997,,,,
2022-03-19,Region C,24.090000000000003,28.908,,,,
2022-03-19,Region H,11.360000000000003,16.424999999999997,,,,
2022-03-19,Region F,16.94,18.834,,,,
2022-03-26,Region D,18.385714285714283,45.800000000000004,,,,
2022-03-26,Region E,17.825714285714284,37.556000000000004,,,,
2022-03-26,Region B,18.025714285714283,43.052,,,,
2022-03-26,Region A,17.635714285714283,10.076,,,,
2022-03-26,Region G,17.225714285714282,31.602,,,,
2022-03-26,Region C,21.575714285714284,60.45600000000001,,,,
2022-03-26,Region H,8.845714285714283,34.35,,,,
2022-03-26,Region F,14.425714285714282,39.388000000000005,,,,
2022-04-02,Region D,18.0,2.9,,,,
2022-04-02,Region E,17.44,2.3779999999999997,,,,
2022-04-02,Region B,17.64,2.726,,,,
2022-04-02,Region A,17.25,0.638,,,,
2022-04-02,Region G,16.84,2.001,,,,
2022-04-02,Region C,21.19,3.828,,,,
2022-04-02,Region H,8.46,2.175,,,,
2022-04-02,Region F,14.04,2.4939999999999998,,,,
2022-04-09,Region D,19.0,0.0,,0.0,0.0,2.0
2022-04-09,Region E,18.44,0.0,,0.0,0.0,2.0
2022-04-09,Region B,18.64,0.0,,0.0,0.0,2.0
2022-04-09,Region A,18.25,0.0,,0.0,0.0,2.0
2022-04-09,Region G,17.84,0.0,,0.0,0.0,2.0
2022-04-09,Region C,22.19,0.0,,0.0,0.0,2.0
2022-04-09,Region H,9.46,0.0,,0.0,0.0,2.0
2022-04-09,Region F,15.04,0.0,,0.0,0.0,2.0
2022-04-16,Region D,18.114285714285714,20.5,,,,
2022-04-16,Region E,17.554285714285715,16.81,,,,
2022-04-16,Region B,17.754285714285714,19.27,,,,
2022-04-16,Region A,17.364285714285714,4.51,,,,
2022-04-16,Region G,16.954285714285714,14.145,,,,
2022-04-16,Region C,21.304285714285715,27.060000000000002,,,,
2022-04-16,Region H,8.574285714285715,15.375,,,,
2022-04-16,Region F,14.154285714285713,17.63,,,,
2022-04-23,Region D,18.185714285714287,6.3,,,,
2022-04-23,Region E,17.625714285714288,5.1659999999999995,,,,
2022-04-23,Region B,17.825714285714287,5.922,,,,
2022-04-23,Region A,17.435714285714287,1.386,,,,
2022-04-23,Region G,17.025714285714287,4.3469999999999995,,,,
2022-04-23,Region C,21.375714285714288,8.316,,,,
2022-04-23,Region H,8.645714285714288,4.725,,,,
2022-04-23,Region F,14.225714285714286,5.418,,,,
2022-04-30,Region D,16.771428571428572,49.8,,,,
2022-04-30,Region E,16.211428571428574,40.836,,,,
2022-04-30,Region B,16.411428571428573,46.812,,,,
2022-04-30,Region A,16.021428571428572,10.956,,,,
2022-04-30,Region G,15.611428571428572,34.361999999999995,,,,
2022-04-30,Region C,19.961428571428574,65.736,,,,
2022-04-30,Region H,7.231428571428573,37.349999999999994,,,,
2022-04-30,Region F,12.811428571428571,42.827999999999996,,,,
2022-05-07,Region D,15.185714285714285,0.4,,0.0,0.0,1.0
2022-05-07,Region E,14.625714285714285,0.328,,0.0,0.0,1.0
2022-05-07,Region B,14.825714285714286,0.376,,0.0,0.0,1.0
2022-05-07,Region A,14.435714285714285,0.08800000000000001,,0.0,0.0,1.0
2022-05-07,Region G,14.025714285714285,0.27599999999999997,,0.0,0.0,1.0
2022-05-07,Region C,18.375714285714285,0.528,,0.0,0.0,1.0
2022-05-07,Region H,5.645714285714286,0.30000000000000004,,0.0,0.0,1.0
2022-05-07,Region F,11.225714285714286,0.34400000000000003,,0.0,0.0,1.0
2022-05-14,Region D,16.099999999999998,0.0,,,,
2022-05-14,Region E,15.539999999999997,0.0,,,,
2022-05-14,Region B,15.739999999999998,0.0,,,,
2022-05-14,Region A,15.349999999999998,0.0,,,,
2022-05-14,Region G,14.939999999999998,0.0,,,,
2022-05-14,Region C,19.29,0.0,,,,
2022-05-14,Region H,6.559999999999999,0.0,,,,
2022-05-14,Region F,12.139999999999997,0.0,,,,
2022-05-21,Region D,12.614285714285716,0.0,,,,
2022-05-21,Region E,12.054285714285715,0.0,,,,
2022-05-21,Region B,12.254285714285716,0.0,,,,
2022-05-21,Region A,11.864285714285716,0.0,,,,
2022-05-21,Region G,11.454285714285716,0.0,,,,
2022-05-21,Region C,15.804285714285715,0.0,,,,
2022-05-21,Region H,3.0742857142857165,0.0,,,,
2022-05-21,Region F,8.654285714285717,0.0,,,,
2022-05-28,Region D,13.200000000000001,4.1,,0.0,0.0,1.0
2022-05-28,Region E,12.64,3.3619999999999997,,0.0,0.0,1.0
2022-05-28,Region B,12.840000000000002,3.8539999999999996,,0.0,0.0,1.0
2022-05-28,Region A,12.450000000000001,0.9019999999999999,,0.0,0.0,1.0
2022-05-28,Region G,12.040000000000001,2.8289999999999997,,0.0,0.0,1.0
2022-05-28,Region C,16.39,5.412,,0.0,0.0,1.0
2022-05-28,Region H,3.660000000000002,3.0749999999999997,,0.0,0.0,1.0
2022-05-28,Region F,9.240000000000002,3.526,,0.0,0.0,1.0
2022-06-04,Region D,9.471428571428573,0.0,,,,
2022-06-04,Region E,8.911428571428573,0.0,,,,
2022-06-04,Region B,9.111428571428574,0.0,,,,
2022-06-04,Region A,8.721428571428573,0.0,,,,
2022-06-04,Region G,8.311428571428573,0.0,,,,
2022-06-04,Region C,12.661428571428573,0.0,,,,
2022-06-04,Region H,-0.06857142857142584,0.0,,,,
2022-06-04,Region F,5.511428571428573,0.0,,,,
2022-06-11,Region D,10.22857142857143,0.6,,,,
2022-06-11,Region E,9.668571428571429,0.49199999999999994,,,,
2022-06-11,Region B,9.86857142857143,0.564,,,,
2022-06-11,Region A,9.47857142857143,0.132,,,,
2022-06-11,Region G,9.06857142857143,0.414,,,,
2022-06-11,Region C,13.418571428571429,0.792,,,,
2022-06-11,Region H,0.6885714285714304,0.44999999999999996,,,,
2022-06-11,Region F,6.26857142857143,0.516,,,,
2022-06-18,Region D,11.285714285714286,0.0,,,,
2022-06-18,Region E,10.725714285714286,0.0,,,,
2022-06-18,Region B,10.925714285714287,0.0,,,,
2022-06-18,Region A,10.535714285714286,0.0,,,,
2022-06-18,Region G,10.125714285714286,0.0,,,,
2022-06-18,Region C,14.475714285714286,0.0,,,,
2022-06-18,Region H,1.7457142857142873,0.0,,,,
2022-06-18,Region F,7.3257142857142865,0.0,,,,
2022-06-25,Region D,9.828571428571427,0.2,,,,
2022-06-25,Region E,9.268571428571427,0.164,,,,
2022-06-25,Region B,9.468571428571428,0.188,,,,
2022-06-25,Region A,9.078571428571427,0.044000000000000004,,,,
2022-06-25,Region G,8.668571428571427,0.13799999999999998,,,,
2022-06-25,Region C,13.018571428571427,0.264,,,,
2022-06-25,Region H,0.28857142857142826,0.15000000000000002,,,,
2022-06-25,Region F,5.868571428571427,0.17200000000000001,,,,
2022-07-02,Region D,11.242857142857144,12.6,,,,
2022-07-02,Region E,10.682857142857143,10.331999999999999,,,,
2022-07-02,Region B,10.882857142857144,11.844,,,,
2022-07-02,Region A,10.492857142857144,2.772,,,,
2022-07-02,Region G,10.082857142857144,8.693999999999999,,,,
2022-07-02,Region C,14.432857142857143,16.632,,,,
2022-07-02,Region H,1.7028571428571446,9.45,,,,
2022-07-02,Region F,7.282857142857144,10.836,,,,
2022-07-09,Region D,11.071428571428571,1.4,,0.0,0.0,1.0
2022-07-09,Region E,10.51142857142857,1.148,,0.0,0.0,1.0
2022-07-09,Region B,10.711428571428572,1.3159999999999998,,0.0,0.0,1.0
2022-07-09,Region A,10.321428571428571,0.308,,0.0,0.0,1.0
2022-07-09,Region G,9.911428571428571,0.9659999999999999,,0.0,0.0,1.0
2022-07-09,Region C,14.26142857142857,1.8479999999999999,,0.0,0.0,1.0
2022-07-09,Region H,1.531428571428572,1.0499999999999998,,0.0,0.0,1.0
2022-07-09,Region F,7.111428571428571,1.204,,0.0,0.0,1.0
2022-07-16,Region D,11.685714285714285,0.8,,,,
2022-07-16,Region E,11.125714285714285,0.656,,,,
2022-07-16,Region B,11.325714285714286,0.752,,,,
2022-07-16,Region A,10.935714285714285,0.17600000000000002,,,,
2022-07-16,Region G,10.525714285714285,0.5519999999999999,,,,
2022-07-16,Region C,14.875714285714285,1.056,,,,
2022-07-16,Region H,2.145714285714286,0.6000000000000001,,,,
2022-07-16,Region F,7.725714285714285,0.6880000000000001,,,,
2022-07-23,Region D,11.785714285714286,0.0,,0.0,1.0,0.0
2022-07-23,Region E,11.225714285714286,0.0,,0.0,1.0,0.0
2022-07-23,Region B,11.425714285714287,0.0,,0.0,1.0,0.0
2022-07-23,Region A,11.035714285714286,0.0,,0.0,1.0,0.0
2022-07-23,Region G,10.625714285714286,0.0,,0.0,1.0,0.0
2022-07-23,Region C,14.975714285714286,0.0,,0.0,1.0,0.0
2022-07-23,Region H,2.2457142857142873,0.0,,0.0,1.0,0.0
2022-07-23,Region F,7.8257142857142865,0.0,,0.0,1.0,0.0
2022-07-30,Region D,14.0,26.5,,,,
2022-07-30,Region E,13.44,21.73,,,,
2022-07-30,Region B,13.64,24.91,,,,
2022-07-30,Region A,13.25,5.83,,,,
2022-07-30,Region G,12.84,18.285,,,,
2022-07-30,Region C,17.19,34.980000000000004,,,,
2022-07-30,Region H,4.460000000000001,19.875,,,,
2022-07-30,Region F,10.04,22.79,,,,
2022-08-06,Region D,12.442857142857141,0.0,,,,
2022-08-06,Region E,11.88285714285714,0.0,,,,
2022-08-06,Region B,12.082857142857142,0.0,,,,
2022-08-06,Region A,11.692857142857141,0.0,,,,
2022-08-06,Region G,11.282857142857141,0.0,,,,
2022-08-06,Region C,15.63285714285714,0.0,,,,
2022-08-06,Region H,2.902857142857142,0.0,,,,
2022-08-06,Region F,8.482857142857142,0.0,,,,
2022-08-13,Region D,12.542857142857143,0.4,,,,
2022-08-13,Region E,11.982857142857142,0.328,,,,
2022-08-13,Region B,12.182857142857143,0.376,,,,
2022-08-13,Region A,11.792857142857143,0.08800000000000001,,,,
2022-08-13,Region G,11.382857142857143,0.27599999999999997,,,,
2022-08-13,Region C,15.732857142857142,0.528,,,,
2022-08-13,Region H,3.0028571428571436,0.30000000000000004,,,,
2022-08-13,Region F,8.582857142857144,0.34400000000000003,,,,
2022-08-20,Region D,12.857142857142858,0.7,,,,
2022-08-20,Region E,12.297142857142857,0.574,,,,
2022-08-20,Region B,12.497142857142858,0.6579999999999999,,,,
2022-08-20,Region A,12.107142857142858,0.154,,,,
2022-08-20,Region G,11.697142857142858,0.48299999999999993,,,,
2022-08-20,Region C,16.04714285714286,0.9239999999999999,,,,
2022-08-20,Region H,3.3171428571428585,0.5249999999999999,,,,
2022-08-20,Region F,8.897142857142857,0.602,,,,
2022-08-27,Region D,14.557142857142859,13.0,,,,
2022-08-27,Region E,13.997142857142858,10.66,,,,
2022-08-27,Region B,14.19714285714286,12.219999999999999,,,,
2022-08-27,Region A,13.807142857142859,2.86,,,,
2022-08-27,Region G,13.397142857142859,8.969999999999999,,,,
2022-08-27,Region C,17.747142857142858,17.16,,,,
2022-08-27,Region H,5.01714285714286,9.75,,,,
2022-08-27,Region F,10.59714285714286,11.18,,,,
2022-09-03,Region D,12.757142857142856,1.3,,,,
2022-09-03,Region E,12.197142857142856,1.066,,,,
2022-09-03,Region B,12.397142857142857,1.222,,,,
2022-09-03,Region A,12.007142857142856,0.28600000000000003,,,,
2022-09-03,Region G,11.597142857142856,0.8969999999999999,,,,
2022-09-03,Region C,15.947142857142856,1.7160000000000002,,,,
2022-09-03,Region H,3.217142857142857,0.9750000000000001,,,,
2022-09-03,Region F,8.797142857142855,1.118,,,,
2022-09-10,Region D,14.642857142857144,28.299999999999997,,,,
2022-09-10,Region E,14.082857142857144,23.205999999999996,,,,
2022-09-10,Region B,14.282857142857145,26.601999999999997,,,,
2022-09-10,Region A,13.892857142857144,6.225999999999999,,,,
2022-09-10,Region G,13.482857142857144,19.526999999999997,,,,
2022-09-10,Region C,17.832857142857144,37.355999999999995,,,,
2022-09-10,Region H,5.102857142857145,21.224999999999998,,,,
2022-09-10,Region F,10.682857142857145,24.337999999999997,,,,
2022-09-17,Region D,15.400000000000002,0.0,,,,
2022-09-17,Region E,14.840000000000002,0.0,,,,
2022-09-17,Region B,15.040000000000003,0.0,,,,
2022-09-17,Region A,14.650000000000002,0.0,,,,
2022-09-17,Region G,14.240000000000002,0.0,,,,
2022-09-17,Region C,18.590000000000003,0.0,,,,
2022-09-17,Region H,5.860000000000003,0.0,,,,
2022-09-17,Region F,11.440000000000001,0.0,,,,
2022-09-24,Region D,15.271428571428572,11.2,,0.0,1.0,0.0
2022-09-24,Region E,14.711428571428572,9.184,,0.0,1.0,0.0
2022-09-24,Region B,14.911428571428573,10.527999999999999,,0.0,1.0,0.0
2022-09-24,Region A,14.521428571428572,2.464,,0.0,1.0,0.0
2022-09-24,Region G,14.111428571428572,7.727999999999999,,0.0,1.0,0.0
2022-09-24,Region C,18.461428571428574,14.783999999999999,,0.0,1.0,0.0
2022-09-24,Region H,5.731428571428573,8.399999999999999,,0.0,1.0,0.0
2022-09-24,Region F,11.311428571428571,9.632,,0.0,1.0,0.0
2022-10-01,Region D,16.042857142857144,0.3,,,,
2022-10-01,Region E,15.482857142857144,0.24599999999999997,,,,
2022-10-01,Region B,15.682857142857145,0.282,,,,
2022-10-01,Region A,15.292857142857144,0.066,,,,
2022-10-01,Region G,14.882857142857144,0.207,,,,
2022-10-01,Region C,19.232857142857146,0.396,,,,
2022-10-01,Region H,6.502857142857145,0.22499999999999998,,,,
2022-10-01,Region F,12.082857142857144,0.258,,,,
2022-10-08,Region D,16.785714285714285,3.3,,,,
2022-10-08,Region E,16.225714285714286,2.7059999999999995,,,,
2022-10-08,Region B,16.425714285714285,3.102,,,,
2022-10-08,Region A,16.035714285714285,0.726,,,,
2022-10-08,Region G,15.625714285714285,2.2769999999999997,,,,
2022-10-08,Region C,19.975714285714286,4.356,,,,
2022-10-08,Region H,7.2457142857142856,2.4749999999999996,,,,
2022-10-08,Region F,12.825714285714284,2.8379999999999996,,,,
2022-10-15,Region D,15.35714285714286,0.7,,,,
2022-10-15,Region E,14.797142857142859,0.574,,,,
2022-10-15,Region B,14.99714285714286,0.6579999999999999,,,,
2022-10-15,Region A,14.60714285714286,0.154,,,,
2022-10-15,Region G,14.19714285714286,0.48299999999999993,,,,
2022-10-15,Region C,18.54714285714286,0.9239999999999999,,,,
2022-10-15,Region H,5.81714285714286,0.5249999999999999,,,,
2022-10-15,Region F,11.39714285714286,0.602,,,,
2022-10-22,Region D,16.985714285714284,18.7,,,,
2022-10-22,Region E,16.425714285714285,15.333999999999998,,,,
2022-10-22,Region B,16.625714285714285,17.578,,,,
2022-10-22,Region A,16.235714285714284,4.114,,,,
2022-10-22,Region G,15.825714285714284,12.902999999999999,,,,
2022-10-22,Region C,20.175714285714285,24.684,,,,
2022-10-22,Region H,7.445714285714285,14.024999999999999,,,,
2022-10-22,Region F,13.025714285714283,16.082,,,,
2022-10-29,Region D,20.54285714285714,5.6,,,,
2022-10-29,Region E,19.982857142857142,4.592,,,,
2022-10-29,Region B,20.18285714285714,5.263999999999999,,,,
2022-10-29,Region A,19.79285714285714,1.232,,,,
2022-10-29,Region G,19.38285714285714,3.8639999999999994,,,,
2022-10-29,Region C,23.732857142857142,7.3919999999999995,,,,
2022-10-29,Region H,11.002857142857142,4.199999999999999,,,,
2022-10-29,Region F,16.58285714285714,4.816,,,,
2022-11-05,Region D,17.142857142857142,2.2,,,,
2022-11-05,Region E,16.582857142857144,1.804,,,,
2022-11-05,Region B,16.782857142857143,2.068,,,,
2022-11-05,Region A,16.392857142857142,0.48400000000000004,,,,
2022-11-05,Region G,15.982857142857142,1.518,,,,
2022-11-05,Region C,20.332857142857144,2.9040000000000004,,,,
2022-11-05,Region H,7.602857142857143,1.6500000000000001,,,,
2022-11-05,Region F,13.182857142857141,1.8920000000000001,,,,
2022-11-12,Region D,21.057142857142857,0.0,,,,
2022-11-12,Region E,20.497142857142858,0.0,,,,
2022-11-12,Region B,20.697142857142858,0.0,,,,
2022-11-12,Region A,20.307142857142857,0.0,,,,
2022-11-12,Region G,19.897142857142857,0.0,,,,
2022-11-12,Region C,24.247142857142858,0.0,,,,
2022-11-12,Region H,11.517142857142858,0.0,,,,
2022-11-12,Region F,17.097142857142856,0.0,,,,
2022-11-19,Region D,23.571428571428577,29.4,,,,
2022-11-19,Region E,23.011428571428578,24.107999999999997,,,,
2022-11-19,Region B,23.211428571428577,27.635999999999996,,,,
2022-11-19,Region A,22.821428571428577,6.468,,,,
2022-11-19,Region G,22.411428571428576,20.285999999999998,,,,
2022-11-19,Region C,26.761428571428578,38.808,,,,
2022-11-19,Region H,14.031428571428577,22.049999999999997,,,,
2022-11-19,Region F,19.611428571428576,25.284,,,,
2022-11-26,Region D,21.52857142857143,38.1,,,,
2022-11-26,Region E,20.96857142857143,31.242,,,,
2022-11-26,Region B,21.16857142857143,35.814,,,,
2022-11-26,Region A,20.77857142857143,8.382,,,,
2022-11-26,Region G,20.36857142857143,26.288999999999998,,,,
2022-11-26,Region C,24.71857142857143,50.292,,,,
2022-11-26,Region H,11.98857142857143,28.575000000000003,,,,
2022-11-26,Region F,17.568571428571428,32.766,,,,
2022-12-03,Region D,23.41428571428571,27.7,,,,
2022-12-03,Region E,22.854285714285712,22.714,,,,
2022-12-03,Region B,23.05428571428571,26.037999999999997,,,,
2022-12-03,Region A,22.66428571428571,6.094,,,,
2022-12-03,Region G,22.25428571428571,19.113,,,,
2022-12-03,Region C,26.604285714285712,36.564,,,,
2022-12-03,Region H,13.874285714285712,20.775,,,,
2022-12-03,Region F,19.45428571428571,23.822,,,,
2022-12-10,Region D,26.842857142857145,44.3,,,,
2022-12-10,Region E,26.282857142857146,36.32599999999999,,,,
2022-12-10,Region B,26.482857142857146,41.641999999999996,,,,
2022-12-10,Region A,26.092857142857145,9.745999999999999,,,,
2022-12-10,Region G,25.682857142857145,30.566999999999997,,,,
2022-12-10,Region C,30.032857142857146,58.476,,,,
2022-12-10,Region H,17.302857142857146,33.224999999999994,,,,
2022-12-10,Region F,22.882857142857144,38.098,,,,
2022-12-17,Region D,23.571428571428577,8.1,,1.0,0.0,0.0
2022-12-17,Region E,23.011428571428578,6.6419999999999995,,1.0,0.0,0.0
2022-12-17,Region B,23.211428571428577,7.613999999999999,,1.0,0.0,0.0
2022-12-17,Region A,22.821428571428577,1.782,,1.0,0.0,0.0
2022-12-17,Region G,22.411428571428576,5.5889999999999995,,1.0,0.0,0.0
2022-12-17,Region C,26.761428571428578,10.692,,1.0,0.0,0.0
2022-12-17,Region H,14.031428571428577,6.074999999999999,,1.0,0.0,0.0
2022-12-17,Region F,19.611428571428576,6.965999999999999,,1.0,0.0,0.0
2022-12-24,Region D,23.54285714285714,11.7,,,,
2022-12-24,Region E,22.982857142857142,9.594,,,,
2022-12-24,Region B,23.18285714285714,10.998,,,,
2022-12-24,Region A,22.79285714285714,2.574,,,,
2022-12-24,Region G,22.38285714285714,8.072999999999999,,,,
2022-12-24,Region C,26.732857142857142,15.443999999999999,,,,
2022-12-24,Region H,14.002857142857142,8.774999999999999,,,,
2022-12-24,Region F,19.58285714285714,10.062,,,,
2022-12-31,Region D,23.657142857142855,0.2,,0.0,0.0,2.0
2022-12-31,Region E,23.097142857142856,0.164,,0.0,0.0,2.0
2022-12-31,Region B,23.297142857142855,0.188,,0.0,0.0,2.0
2022-12-31,Region A,22.907142857142855,0.044000000000000004,,0.0,0.0,2.0
2022-12-31,Region G,22.497142857142855,0.13799999999999998,,0.0,0.0,2.0
2022-12-31,Region C,26.847142857142856,0.264,,0.0,0.0,2.0
2022-12-31,Region H,14.117142857142856,0.15000000000000002,,0.0,0.0,2.0
2022-12-31,Region F,19.697142857142854,0.17200000000000001,,0.0,0.0,2.0
2023-01-07,Region D,24.428571428571427,5.7,84.41734877112269,,,
2023-01-07,Region E,23.86857142857143,4.6739999999999995,78.28450876050286,,,
2023-01-07,Region B,24.068571428571428,5.358,77.40298179707877,,,
2023-01-07,Region A,23.678571428571427,1.254,74.112292509355,,,
2023-01-07,Region G,23.268571428571427,3.933,73.0331957133071,,,
2023-01-07,Region C,27.61857142857143,7.524000000000001,77.40298179707877,,,
2023-01-07,Region H,14.888571428571428,4.275,71.17424908242356,,,
2023-01-07,Region F,20.468571428571426,4.902,77.79579892677313,,,
2023-01-14,Region D,25.38571428571429,1.6,84.41734877112269,,,
2023-01-14,Region E,24.82571428571429,1.312,78.28450876050286,,,
2023-01-14,Region B,25.02571428571429,1.504,77.40298179707877,,,
2023-01-14,Region A,24.63571428571429,0.35200000000000004,74.112292509355,,,
2023-01-14,Region G,24.22571428571429,1.1039999999999999,73.0331957133071,,,
2023-01-14,Region C,28.57571428571429,2.112,77.40298179707877,,,
2023-01-14,Region H,15.84571428571429,1.2000000000000002,71.17424908242356,,,
2023-01-14,Region F,21.42571428571429,1.3760000000000001,77.79579892677313,,,
2023-01-21,Region D,26.77142857142857,16.5,84.41734877112269,,,
2023-01-21,Region E,26.21142857142857,13.53,78.28450876050286,,,
2023-01-21,Region B,26.41142857142857,15.51,77.40298179707877,,,
2023-01-21,Region A,26.02142857142857,3.63,74.112292509355,,,
2023-01-21,Region G,25.61142857142857,11.385,73.0331957133071,,,
2023-01-21,Region C,29.96142857142857,21.78,77.40298179707877,,,
2023-01-21,Region H,17.23142857142857,12.375,71.17424908242356,,,
2023-01-21,Region F,22.811428571428568,14.19,77.79579892677313,,,
2023-01-28,Region D,26.571428571428577,20.0,84.41734877112269,,,
2023-01-28,Region E,26.011428571428578,16.4,78.28450876050286,,,
2023-01-28,Region B,26.211428571428577,18.799999999999997,77.40298179707877,,,
2023-01-28,Region A,25.821428571428577,4.4,74.112292509355,,,
2023-01-28,Region G,25.411428571428576,13.799999999999999,73.0331957133071,,,
2023-01-28,Region C,29.761428571428578,26.400000000000002,77.40298179707877,,,
2023-01-28,Region H,17.031428571428577,15.0,71.17424908242356,,,
2023-01-28,Region F,22.611428571428576,17.2,77.79579892677313,,,
2023-02-04,Region D,24.400000000000002,17.0,80.90856665744201,,,
2023-02-04,Region E,23.840000000000003,13.94,74.36996208033214,,,
2023-02-04,Region B,24.040000000000003,15.979999999999999,73.03411482030161,,,
2023-02-04,Region A,23.650000000000002,3.74,69.88430728662121,,,
2023-02-04,Region G,23.240000000000002,11.729999999999999,69.16720476325284,,,
2023-02-04,Region C,27.590000000000003,22.44,73.03411482030161,,,
2023-02-04,Region H,14.860000000000003,12.75,68.00998015035142,,,
2023-02-04,Region F,20.44,14.62,74.45927340389672,,,
2023-02-11,Region D,27.371428571428574,2.3,80.90856665744201,,,
2023-02-11,Region E,26.811428571428575,1.8859999999999997,74.36996208033214,,,
2023-02-11,Region B,27.011428571428574,2.162,73.03411482030161,,,
2023-02-11,Region A,26.621428571428574,0.506,69.88430728662121,,,
2023-02-11,Region G,26.211428571428574,1.5869999999999997,69.16720476325284,,,
2023-02-11,Region C,30.561428571428575,3.036,73.03411482030161,,,
2023-02-11,Region H,17.831428571428575,1.7249999999999999,68.00998015035142,,,
2023-02-11,Region F,23.411428571428573,1.9779999999999998,74.45927340389672,,,
2023-02-18,Region D,22.87142857142857,20.900000000000002,80.90856665744201,,,
2023-02-18,Region E,22.31142857142857,17.138,74.36996208033214,,,
2023-02-18,Region B,22.51142857142857,19.646,73.03411482030161,,,
2023-02-18,Region A,22.12142857142857,4.598000000000001,69.88430728662121,,,
2023-02-18,Region G,21.71142857142857,14.421000000000001,69.16720476325284,,,
2023-02-18,Region C,26.06142857142857,27.588000000000005,73.03411482030161,,,
2023-02-18,Region H,13.331428571428571,15.675,68.00998015035142,,,
2023-02-18,Region F,18.91142857142857,17.974,74.45927340389672,,,
2023-02-25,Region D,23.9,1.5,80.90856665744201,0.0,0.0,2.0
2023-02-25,Region E,23.34,1.23,74.36996208033214,0.0,0.0,2.0
2023-02-25,Region B,23.54,1.41,73.03411482030161,0.0,0.0,2.0
2023-02-25,Region A,23.15,0.33,69.88430728662121,0.0,0.0,2.0
2023-02-25,Region G,22.74,1.035,69.16720476325284,0.0,0.0,2.0
2023-02-25,Region C,27.09,1.98,73.03411482030161,0.0,0.0,2.0
2023-02-25,Region H,14.36,1.125,68.00998015035142,0.0,0.0,2.0
2023-02-25,Region F,19.939999999999998,1.29,74.45927340389672,0.0,0.0,2.0
2023-03-04,Region D,26.5,5.2,79.42651168283052,,,
2023-03-04,Region E,25.94,4.264,77.5874272995114,,,
2023-03-04,Region B,26.14,4.888,79.96051649558899,,,
2023-03-04,Region A,25.75,1.1440000000000001,73.27628722991642,,,
2023-03-04,Region G,25.34,3.5879999999999996,73.3752537201147,,,
2023-03-04,Region C,29.69,6.864000000000001,79.96051649558899,,,
2023-03-04,Region H,16.96,3.9000000000000004,72.59392995280007,,,
2023-03-04,Region F,22.54,4.472,76.0102208178153,,,
2023-03-11,Region D,27.357142857142858,0.0,79.42651168283052,,,
2023-03-11,Region E,26.79714285714286,0.0,77.5874272995114,,,
2023-03-11,Region B,26.997142857142858,0.0,79.96051649558899,,,
2023-03-11,Region A,26.607142857142858,0.0,73.27628722991642,,,
2023-03-11,Region G,26.197142857142858,0.0,73.3752537201147,,,
2023-03-11,Region C,30.54714285714286,0.0,79.96051649558899,,,
2023-03-11,Region H,17.81714285714286,0.0,72.59392995280007,,,
2023-03-11,Region F,23.397142857142857,0.0,76.0102208178153,,,
2023-03-18,Region D,28.142857142857142,10.4,79.42651168283052,,,
2023-03-18,Region E,27.582857142857144,8.528,77.5874272995114,,,
2023-03-18,Region B,27.782857142857143,9.776,79.96051649558899,,,
2023-03-18,Region A,27.392857142857142,2.2880000000000003,73.27628722991642,,,
2023-03-18,Region G,26.982857142857142,7.175999999999999,73.3752537201147,,,
2023-03-18,Region C,31.332857142857144,13.728000000000002,79.96051649558899,,,
2023-03-18,Region H,18.602857142857143,7.800000000000001,72.59392995280007,,,
2023-03-18,Region F,24.18285714285714,8.944,76.0102208178153,,,
2023-03-25,Region D,23.599999999999998,29.999999999999996,79.42651168283052,,,
2023-03-25,Region E,23.04,24.599999999999994,77.5874272995114,,,
2023-03-25,Region B,23.24,28.199999999999996,79.96051649558899,,,
2023-03-25,Region A,22.849999999999998,6.6,73.27628722991642,,,
2023-03-25,Region G,22.439999999999998,20.699999999999996,73.3752537201147,,,
2023-03-25,Region C,26.79,39.599999999999994,79.96051649558899,,,
2023-03-25,Region H,14.059999999999999,22.499999999999996,72.59392995280007,,,
2023-03-25,Region F,19.639999999999997,25.799999999999997,76.0102208178153,,,
2023-04-01,Region D,20.599999999999998,0.8,76.43031961730465,,,
2023-04-01,Region E,20.04,0.656,74.84859289240588,,,
2023-04-01,Region B,20.24,0.752,76.91454289214725,,,
2023-04-01,Region A,19.849999999999998,0.17600000000000002,71.43264936449536,,,
2023-04-01,Region G,19.439999999999998,0.5519999999999999,71.20091616776574,,,
2023-04-01,Region C,23.79,1.056,76.91454289214725,,,
2023-04-01,Region H,11.059999999999999,0.6000000000000001,70.62219504520687,,,
2023-04-01,Region F,16.639999999999997,0.6880000000000001,73.52625733125575,,,
2023-04-08,Region D,20.2,36.5,76.43031961730465,0.0,0.0,2.0
2023-04-08,Region E,19.64,29.93,74.84859289240588,0.0,0.0,2.0
2023-04-08,Region B,19.84,34.309999999999995,76.91454289214725,0.0,0.0,2.0
2023-04-08,Region A,19.45,8.03,71.43264936449536,0.0,0.0,2.0
2023-04-08,Region G,19.04,25.185,71.20091616776574,0.0,0.0,2.0
2023-04-08,Region C,23.39,48.18,76.91454289214725,0.0,0.0,2.0
2023-04-08,Region H,10.66,27.375,70.62219504520687,0.0,0.0,2.0
2023-04-08,Region F,16.24,31.39,73.52625733125575,0.0,0.0,2.0
2023-04-15,Region D,19.071428571428573,2.9,76.43031961730465,,,
2023-04-15,Region E,18.511428571428574,2.3779999999999997,74.84859289240588,,,
2023-04-15,Region B,18.711428571428574,2.726,76.91454289214725,,,
2023-04-15,Region A,18.321428571428573,0.638,71.43264936449536,,,
2023-04-15,Region G,17.911428571428573,2.001,71.20091616776574,,,
2023-04-15,Region C,22.261428571428574,3.828,76.91454289214725,,,
2023-04-15,Region H,9.531428571428574,2.175,70.62219504520687,,,
2023-04-15,Region F,15.111428571428572,2.4939999999999998,73.52625733125575,,,
2023-04-22,Region D,15.914285714285715,5.8,76.43031961730465,,,
2023-04-22,Region E,15.354285714285714,4.755999999999999,74.84859289240588,,,
2023-04-22,Region B,15.554285714285715,5.452,76.91454289214725,,,
2023-04-22,Region A,15.164285714285715,1.276,71.43264936449536,,,
2023-04-22,Region G,14.754285714285714,4.002,71.20091616776574,,,
2023-04-22,Region C,19.104285714285716,7.656,76.91454289214725,,,
2023-04-22,Region H,6.374285714285715,4.35,70.62219504520687,,,
2023-04-22,Region F,11.954285714285714,4.9879999999999995,73.52625733125575,,,
2023-04-29,Region D,19.342857142857145,1.2,76.43031961730465,,,
2023-04-29,Region E,18.782857142857146,0.9839999999999999,74.84859289240588,,,
2023-04-29,Region B,18.982857142857146,1.128,76.91454289214725,,,
2023-04-29,Region A,18.592857142857145,0.264,71.43264936449536,,,
2023-04-29,Region G,18.182857142857145,0.828,71.20091616776574,,,
2023-04-29,Region C,22.532857142857146,1.584,76.91454289214725,,,
2023-04-29,Region H,9.802857142857146,0.8999999999999999,70.62219504520687,,,
2023-04-29,Region F,15.382857142857144,1.032,73.52625733125575,,,
2023-05-06,Region D,16.77142857142857,23.299999999999997,75.16364405023297,0.0,0.0,1.0
2023-05-06,Region E,16.21142857142857,19.105999999999998,74.09157977422541,0.0,0.0,1.0
2023-05-06,Region B,16.41142857142857,21.901999999999997,76.68779337598072,0.0,0.0,1.0
2023-05-06,Region A,16.02142857142857,5.1259999999999994,71.2858847588473,0.0,0.0,1.0
2023-05-06,Region G,15.611428571428569,16.076999999999998,70.4233018964625,0.0,0.0,1.0
2023-05-06,Region C,19.96142857142857,30.755999999999997,76.68779337598072,0.0,0.0,1.0
2023-05-06,Region H,7.2314285714285695,17.474999999999998,70.70551372672224,0.0,0.0,1.0
2023-05-06,Region F,12.811428571428568,20.037999999999997,72.93457888847762,0.0,0.0,1.0
2023-05-13,Region D,15.985714285714286,0.7,75.16364405023297,,,
2023-05-13,Region E,15.425714285714285,0.574,74.09157977422541,,,
2023-05-13,Region B,15.625714285714286,0.6579999999999999,76.68779337598072,,,
2023-05-13,Region A,15.235714285714286,0.154,71.2858847588473,,,
2023-05-13,Region G,14.825714285714286,0.48299999999999993,70.4233018964625,,,
2023-05-13,Region C,19.175714285714285,0.9239999999999999,76.68779337598072,,,
2023-05-13,Region H,6.445714285714287,0.5249999999999999,70.70551372672224,,,
2023-05-13,Region F,12.025714285714287,0.602,72.93457888847762,,,
2023-05-20,Region D,17.88571428571429,10.3,75.16364405023297,,,
2023-05-20,Region E,17.32571428571429,8.446,74.09157977422541,,,
2023-05-20,Region B,17.52571428571429,9.682,76.68779337598072,,,
2023-05-20,Region A,17.13571428571429,2.266,71.2858847588473,,,
2023-05-20,Region G,16.72571428571429,7.107,70.4233018964625,,,
2023-05-20,Region C,21.07571428571429,13.596000000000002,76.68779337598072,,,
2023-05-20,Region H,8.34571428571429,7.7250000000000005,70.70551372672224,,,
2023-05-20,Region F,13.925714285714289,8.858,72.93457888847762,,,
2023-05-27,Region D,17.8,69.0,75.16364405023297,0.0,0.0,1.0
2023-05-27,Region E,17.240000000000002,56.58,74.09157977422541,0.0,0.0,1.0
2023-05-27,Region B,17.44,64.86,76.68779337598072,0.0,0.0,1.0
2023-05-27,Region A,17.05,15.18,71.2858847588473,0.0,0.0,1.0
2023-05-27,Region G,16.64,47.61,70.4233018964625,0.0,0.0,1.0
2023-05-27,Region C,20.990000000000002,91.08,76.68779337598072,0.0,0.0,1.0
2023-05-27,Region H,8.260000000000002,51.75,70.70551372672224,0.0,0.0,1.0
2023-05-27,Region F,13.84,59.339999999999996,72.93457888847762,0.0,0.0,1.0
2023-06-03,Region D,15.02857142857143,3.3000000000000003,77.02323427244593,,,
2023-06-03,Region E,14.46857142857143,2.706,75.99481591627975,,,
2023-06-03,Region B,14.66857142857143,3.102,76.89985592566275,,,
2023-06-03,Region A,14.27857142857143,0.7260000000000001,71.08730768969892,,,
2023-06-03,Region G,13.86857142857143,2.277,74.06135755073053,,,
2023-06-03,Region C,18.21857142857143,4.356000000000001,76.89985592566275,,,
2023-06-03,Region H,5.488571428571431,2.475,72.73448790667847,,,
2023-06-03,Region F,11.068571428571431,2.838,74.8788610895622,,,
2023-06-10,Region D,15.971428571428572,9.0,77.02323427244593,,,
2023-06-10,Region E,15.411428571428571,7.38,75.99481591627975,,,
2023-06-10,Region B,15.611428571428572,8.459999999999999,76.89985592566275,,,
2023-06-10,Region A,15.221428571428572,1.98,71.08730768969892,,,
2023-06-10,Region G,14.811428571428571,6.209999999999999,74.06135755073053,,,
2023-06-10,Region C,19.161428571428573,11.88,76.89985592566275,,,
2023-06-10,Region H,6.431428571428572,6.75,72.73448790667847,,,
2023-06-10,Region F,12.01142857142857,7.74,74.8788610895622,,,
2023-06-17,Region D,10.114285714285714,0.0,77.02323427244593,,,
2023-06-17,Region E,9.554285714285713,0.0,75.99481591627975,,,
2023-06-17,Region B,9.754285714285714,0.0,76.89985592566275,,,
2023-06-17,Region A,9.364285714285714,0.0,71.08730768969892,,,
2023-06-17,Region G,8.954285714285714,0.0,74.06135755073053,,,
2023-06-17,Region C,13.304285714285713,0.0,76.89985592566275,,,
2023-06-17,Region H,0.5742857142857147,0.0,72.73448790667847,,,
2023-06-17,Region F,6.154285714285714,0.0,74.8788610895622,,,
2023-06-24,Region D,11.585714285714285,1.8,77.02323427244593,,,
2023-06-24,Region E,11.025714285714285,1.476,75.99481591627975,,,
2023-06-24,Region B,11.225714285714286,1.692,76.89985592566275,,,
2023-06-24,Region A,10.835714285714285,0.396,71.08730768969892,,,
2023-06-24,Region G,10.425714285714285,1.242,74.06135755073053,,,
2023-06-24,Region C,14.775714285714285,2.3760000000000003,76.89985592566275,,,
2023-06-24,Region H,2.0457142857142863,1.35,72.73448790667847,,,
2023-06-24,Region F,7.6257142857142854,1.548,74.8788610895622,,,
2023-07-01,Region D,13.214285714285712,1.2,78.81075452598593,,,
2023-07-01,Region E,12.654285714285711,0.9839999999999999,77.24229592654567,,,
2023-07-01,Region B,12.854285714285712,1.128,78.22535955119963,,,
2023-07-01,Region A,12.464285714285712,0.264,73.24586979950158,,,
2023-07-01,Region G,12.054285714285712,0.828,74.69077370245145,,,
2023-07-01,Region C,16.404285714285713,1.584,78.22535955119963,,,
2023-07-01,Region H,3.6742857142857126,0.8999999999999999,72.55070043263476,,,
2023-07-01,Region F,9.254285714285711,1.032,75.68072747931033,,,
2023-07-08,Region D,14.914285714285713,8.2,78.81075452598593,,,
2023-07-08,Region E,14.354285714285712,6.723999999999999,77.24229592654567,,,
2023-07-08,Region B,14.554285714285713,7.707999999999999,78.22535955119963,,,
2023-07-08,Region A,14.164285714285713,1.8039999999999998,73.24586979950158,,,
2023-07-08,Region G,13.754285714285713,5.6579999999999995,74.69077370245145,,,
2023-07-08,Region C,18.104285714285712,10.824,78.22535955119963,,,
2023-07-08,Region H,5.374285714285714,6.1499999999999995,72.55070043263476,,,
2023-07-08,Region F,10.954285714285714,7.052,75.68072747931033,,,
2023-07-15,Region D,10.885714285714286,31.8,78.81075452598593,0.0,0.0,1.0
2023-07-15,Region E,10.325714285714286,26.076,77.24229592654567,0.0,0.0,1.0
2023-07-15,Region B,10.525714285714287,29.892,78.22535955119963,0.0,0.0,1.0
2023-07-15,Region A,10.135714285714286,6.996,73.24586979950158,0.0,0.0,1.0
2023-07-15,Region G,9.725714285714286,21.942,74.69077370245145,0.0,0.0,1.0
2023-07-15,Region C,14.075714285714286,41.976000000000006,78.22535955119963,0.0,0.0,1.0
2023-07-15,Region H,1.345714285714287,23.85,72.55070043263476,0.0,0.0,1.0
2023-07-15,Region F,6.925714285714286,27.348,75.68072747931033,0.0,0.0,1.0
2023-07-22,Region D,11.857142857142858,5.7,78.81075452598593,0.0,1.0,0.0
2023-07-22,Region E,11.297142857142857,4.6739999999999995,77.24229592654567,0.0,1.0,0.0
2023-07-22,Region B,11.497142857142858,5.358,78.22535955119963,0.0,1.0,0.0
2023-07-22,Region A,11.107142857142858,1.254,73.24586979950158,0.0,1.0,0.0
2023-07-22,Region G,10.697142857142858,3.933,74.69077370245145,0.0,1.0,0.0
2023-07-22,Region C,15.047142857142857,7.524000000000001,78.22535955119963,0.0,1.0,0.0
2023-07-22,Region H,2.3171428571428585,4.275,72.55070043263476,0.0,1.0,0.0
2023-07-22,Region F,7.897142857142858,4.902,75.68072747931033,0.0,1.0,0.0
2023-07-29,Region D,11.985714285714284,2.6,78.81075452598593,,,
2023-07-29,Region E,11.425714285714283,2.132,77.24229592654567,,,
2023-07-29,Region B,11.625714285714285,2.444,78.22535955119963,,,
2023-07-29,Region A,11.235714285714284,0.5720000000000001,73.24586979950158,,,
2023-07-29,Region G,10.825714285714284,1.7939999999999998,74.69077370245145,,,
2023-07-29,Region C,15.175714285714283,3.4320000000000004,78.22535955119963,,,
2023-07-29,Region H,2.445714285714285,1.9500000000000002,72.55070043263476,,,
2023-07-29,Region F,8.025714285714283,2.236,75.68072747931033,,,
2023-08-05,Region D,15.200000000000001,1.7,76.10785001062862,,,
2023-08-05,Region E,14.64,1.394,73.23115742494319,,,
2023-08-05,Region B,14.840000000000002,1.5979999999999999,73.08909194473743,,,
2023-08-05,Region A,14.450000000000001,0.374,69.88992359460889,,,
2023-08-05,Region G,14.040000000000001,1.1729999999999998,70.49653031946352,,,
2023-08-05,Region C,18.39,2.244,73.08909194473743,,,
2023-08-05,Region H,5.660000000000002,1.275,68.99566778156313,,,
2023-08-05,Region F,11.240000000000002,1.462,72.55175889609588,,,
2023-08-12,Region D,12.814285714285715,31.9,76.10785001062862,,,
2023-08-12,Region E,12.254285714285714,26.157999999999998,73.23115742494319,,,
2023-08-12,Region B,12.454285714285716,29.985999999999997,73.08909194473743,,,
2023-08-12,Region A,12.064285714285715,7.018,69.88992359460889,,,
2023-08-12,Region G,11.654285714285715,22.010999999999996,70.49653031946352,,,
2023-08-12,Region C,16.004285714285714,42.108,73.08909194473743,,,
2023-08-12,Region H,3.274285714285716,23.924999999999997,68.99566778156313,,,
2023-08-12,Region F,8.854285714285716,27.433999999999997,72.55175889609588,,,
2023-08-19,Region D,14.557142857142859,56.39999999999999,76.10785001062862,,,
2023-08-19,Region E,13.997142857142858,46.24799999999999,73.23115742494319,,,
2023-08-19,Region B,14.19714285714286,53.01599999999999,73.08909194473743,,,
2023-08-19,Region A,13.807142857142859,12.407999999999998,69.88992359460889,,,
2023-08-19,Region G,13.397142857142859,38.91599999999999,70.49653031946352,,,
2023-08-19,Region C,17.747142857142858,74.448,73.08909194473743,,,
2023-08-19,Region H,5.01714285714286,42.3,68.99566778156313,,,
2023-08-19,Region F,10.59714285714286,48.50399999999999,72.55175889609588,,,
2023-08-26,Region D,12.685714285714285,6.6,76.10785001062862,,,
2023-08-26,Region E,12.125714285714285,5.411999999999999,73.23115742494319,,,
2023-08-26,Region B,12.325714285714286,6.204,73.08909194473743,,,
2023-08-26,Region A,11.935714285714285,1.452,69.88992359460889,,,
2023-08-26,Region G,11.525714285714285,4.553999999999999,70.49653031946352,,,
2023-08-26,Region C,15.875714285714285,8.712,73.08909194473743,,,
2023-08-26,Region H,3.145714285714286,4.949999999999999,68.99566778156313,,,
2023-08-26,Region F,8.725714285714286,5.675999999999999,72.55175889609588,,,
2023-09-02,Region D,13.557142857142855,5.6,80.65274593559225,,,
2023-09-02,Region E,12.997142857142855,4.592,77.72008076734681,,,
2023-09-02,Region B,13.197142857142856,5.263999999999999,78.2301940054038,,,
2023-09-02,Region A,12.807142857142855,1.232,76.58696584279943,,,
2023-09-02,Region G,12.397142857142855,3.8639999999999994,74.27730236104436,,,
2023-09-02,Region C,16.747142857142855,7.3919999999999995,78.2301940054038,,,
2023-09-02,Region H,4.017142857142856,4.199999999999999,74.396702973511,,,
2023-09-02,Region F,9.597142857142856,4.816,77.52472445455162,,,
2023-09-09,Region D,11.957142857142857,20.099999999999998,80.65274593559225,,,
2023-09-09,Region E,11.397142857142857,16.481999999999996,77.72008076734681,,,
2023-09-09,Region B,11.597142857142858,18.894,78.2301940054038,,,
2023-09-09,Region A,11.207142857142857,4.422,76.58696584279943,,,
2023-09-09,Region G,10.797142857142857,13.868999999999998,74.27730236104436,,,
2023-09-09,Region C,15.147142857142857,26.532,78.2301940054038,,,
2023-09-09,Region H,2.417142857142858,15.075,74.396702973511,,,
2023-09-09,Region F,7.997142857142857,17.285999999999998,77.52472445455162,,,
2023-09-16,Region D,16.342857142857145,27.599999999999998,80.65274593559225,,,
2023-09-16,Region E,15.782857142857145,22.631999999999998,77.72008076734681,,,
2023-09-16,Region B,15.982857142857146,25.943999999999996,78.2301940054038,,,
2023-09-16,Region A,15.592857142857145,6.071999999999999,76.58696584279943,,,
2023-09-16,Region G,15.182857142857145,19.043999999999997,74.27730236104436,,,
2023-09-16,Region C,19.532857142857146,36.432,78.2301940054038,,,
2023-09-16,Region H,6.802857142857146,20.7,74.396702973511,,,
2023-09-16,Region F,12.382857142857144,23.735999999999997,77.52472445455162,,,
2023-09-23,Region D,14.828571428571427,1.2000000000000002,80.65274593559225,0.0,1.0,0.0
2023-09-23,Region E,14.268571428571427,0.9840000000000001,77.72008076734681,0.0,1.0,0.0
2023-09-23,Region B,14.468571428571428,1.1280000000000001,78.2301940054038,0.0,1.0,0.0
2023-09-23,Region A,14.078571428571427,0.26400000000000007,76.58696584279943,0.0,1.0,0.0
2023-09-23,Region G,13.668571428571427,0.8280000000000001,74.27730236104436,0.0,1.0,0.0
2023-09-23,Region C,18.018571428571427,1.5840000000000003,78.2301940054038,0.0,1.0,0.0
2023-09-23,Region H,5.288571428571428,0.9000000000000001,74.396702973511,0.0,1.0,0.0
2023-09-23,Region F,10.868571428571428,1.032,77.52472445455162,0.0,1.0,0.0
2023-09-30,Region D,14.528571428571428,0.3,80.65274593559225,,,
2023-09-30,Region E,13.968571428571428,0.24599999999999997,77.72008076734681,,,
2023-09-30,Region B,14.168571428571429,0.282,78.2301940054038,,,
2023-09-30,Region A,13.778571428571428,0.066,76.58696584279943,,,
2023-09-30,Region G,13.368571428571428,0.207,74.27730236104436,,,
2023-09-30,Region C,17.71857142857143,0.396,78.2301940054038,,,
2023-09-30,Region H,4.988571428571429,0.22499999999999998,74.396702973511,,,
2023-09-30,Region F,10.568571428571428,0.258,77.52472445455162,,,
2023-10-07,Region D,16.45714285714286,0.9,83.20384726578388,,,
2023-10-07,Region E,15.897142857142859,0.738,81.31431041312504,,,
2023-10-07,Region B,16.09714285714286,0.846,83.19363934857074,,,
2023-10-07,Region A,15.707142857142859,0.198,79.84308936041796,,,
2023-10-07,Region G,15.297142857142859,0.621,77.54544462502047,,,
2023-10-07,Region C,19.64714285714286,1.1880000000000002,83.19363934857074,,,
2023-10-07,Region H,6.91714285714286,0.675,75.38432243515312,,,
2023-10-07,Region F,12.497142857142858,0.774,79.29408485046851,,,
2023-10-14,Region D,16.914285714285715,10.1,83.20384726578388,,,
2023-10-14,Region E,16.354285714285716,8.282,81.31431041312504,,,
2023-10-14,Region B,16.554285714285715,9.494,83.19363934857074,,,
2023-10-14,Region A,16.164285714285715,2.222,79.84308936041796,,,
2023-10-14,Region G,15.754285714285714,6.968999999999999,77.54544462502047,,,
2023-10-14,Region C,20.104285714285716,13.332,83.19363934857074,,,
2023-10-14,Region H,7.374285714285715,7.574999999999999,75.38432243515312,,,
2023-10-14,Region F,12.954285714285714,8.686,79.29408485046851,,,
2023-10-21,Region D,17.25714285714286,4.5,83.20384726578388,,,
2023-10-21,Region E,16.69714285714286,3.69,81.31431041312504,,,
2023-10-21,Region B,16.89714285714286,4.2299999999999995,83.19363934857074,,,
2023-10-21,Region A,16.50714285714286,0.99,79.84308936041796,,,
2023-10-21,Region G,16.09714285714286,3.1049999999999995,77.54544462502047,,,
2023-10-21,Region C,20.44714285714286,5.94,83.19363934857074,,,
2023-10-21,Region H,7.717142857142861,3.375,75.38432243515312,,,
2023-10-21,Region F,13.297142857142859,3.87,79.29408485046851,,,
2023-10-28,Region D,18.857142857142854,21.099999999999998,83.20384726578388,,,
2023-10-28,Region E,18.297142857142855,17.301999999999996,81.31431041312504,,,
2023-10-28,Region B,18.497142857142855,19.833999999999996,83.19363934857074,,,
2023-10-28,Region A,18.107142857142854,4.6419999999999995,79.84308936041796,,,
2023-10-28,Region G,17.697142857142854,14.558999999999997,77.54544462502047,,,
2023-10-28,Region C,22.047142857142855,27.851999999999997,83.19363934857074,,,
2023-10-28,Region H,9.317142857142855,15.825,75.38432243515312,,,
2023-10-28,Region F,14.897142857142853,18.145999999999997,79.29408485046851,,,
2023-11-04,Region D,15.928571428571429,45.699999999999996,71.6201081497413,,,
2023-11-04,Region E,15.368571428571428,37.474,69.98273538619159,,,
2023-11-04,Region B,15.56857142857143,42.95799999999999,71.44993993100812,,,
2023-11-04,Region A,15.178571428571429,10.053999999999998,68.38857853054431,,,
2023-11-04,Region G,14.768571428571429,31.532999999999994,66.87815807782533,,,
2023-11-04,Region C,19.11857142857143,60.324,71.44993993100812,,,
2023-11-04,Region H,6.38857142857143,34.275,68.15758500159458,,,
2023-11-04,Region F,11.96857142857143,39.30199999999999,69.88884657566796,,,
2023-11-11,Region D,20.157142857142855,101.0,71.6201081497413,,,
2023-11-11,Region E,19.597142857142856,82.82,69.98273538619159,,,
2023-11-11,Region B,19.797142857142855,94.94,71.44993993100812,,,
2023-11-11,Region A,19.407142857142855,22.22,68.38857853054431,,,
2023-11-11,Region G,18.997142857142855,69.69,66.87815807782533,,,
2023-11-11,Region C,23.347142857142856,133.32,71.44993993100812,,,
2023-11-11,Region H,10.617142857142856,75.75,68.15758500159458,,,
2023-11-11,Region F,16.197142857142854,86.86,69.88884657566796,,,
2023-11-18,Region D,20.357142857142858,5.3999999999999995,71.6201081497413,,,
2023-11-18,Region E,19.79714285714286,4.427999999999999,69.98273538619159,,,
2023-11-18,Region B,19.997142857142858,5.076,71.44993993100812,,,
2023-11-18,Region A,19.607142857142858,1.188,68.38857853054431,,,
2023-11-18,Region G,19.197142857142858,3.7259999999999995,66.87815807782533,,,
2023-11-18,Region C,23.54714285714286,7.127999999999999,71.44993993100812,,,
2023-11-18,Region H,10.817142857142859,4.05,68.15758500159458,,,
2023-11-18,Region F,16.397142857142857,4.643999999999999,69.88884657566796,,,
2023-11-25,Region D,22.2,6.1,71.6201081497413,,,
2023-11-25,Region E,21.64,5.002,69.98273538619159,,,
2023-11-25,Region B,21.84,5.733999999999999,71.44993993100812,,,
2023-11-25,Region A,21.45,1.3419999999999999,68.38857853054431,,,
2023-11-25,Region G,21.04,4.209,66.87815807782533,,,
2023-11-25,Region C,25.39,8.052,71.44993993100812,,,
2023-11-25,Region H,12.66,4.574999999999999,68.15758500159458,,,
2023-11-25,Region F,18.24,5.2459999999999996,69.88884657566796,,,
2023-12-02,Region D,23.75714285714286,23.700000000000003,60.98339147626796,,,
2023-12-02,Region E,23.19714285714286,19.434,57.303552027983486,,,
2023-12-02,Region B,23.39714285714286,22.278000000000002,56.70572936677444,,,
2023-12-02,Region A,23.00714285714286,5.214,56.421341178014146,,,
2023-12-02,Region G,22.59714285714286,16.353,54.22153524090806,,,
2023-12-02,Region C,26.94714285714286,31.284000000000006,56.70572936677444,,,
2023-12-02,Region H,14.21714285714286,17.775000000000002,54.66563597407333,,,
2023-12-02,Region F,19.79714285714286,20.382,57.82451372517065,,,
2023-12-09,Region D,19.557142857142857,26.3,60.98339147626796,,,
2023-12-09,Region E,18.997142857142858,21.566,57.303552027983486,,,
2023-12-09,Region B,19.197142857142858,24.721999999999998,56.70572936677444,,,
2023-12-09,Region A,18.807142857142857,5.7860000000000005,56.421341178014146,,,
2023-12-09,Region G,18.397142857142857,18.147,54.22153524090806,,,
2023-12-09,Region C,22.747142857142858,34.716,56.70572936677444,,,
2023-12-09,Region H,10.017142857142858,19.725,54.66563597407333,,,
2023-12-09,Region F,15.597142857142856,22.618,57.82451372517065,,,
2023-12-16,Region D,25.128571428571426,8.7,60.98339147626796,,,
2023-12-16,Region E,24.568571428571428,7.133999999999999,57.303552027983486,,,
2023-12-16,Region B,24.768571428571427,8.177999999999999,56.70572936677444,,,
2023-12-16,Region A,24.378571428571426,1.914,56.421341178014146,,,
2023-12-16,Region G,23.968571428571426,6.002999999999999,54.22153524090806,,,
2023-12-16,Region C,28.318571428571428,11.484,56.70572936677444,,,
2023-12-16,Region H,15.588571428571427,6.5249999999999995,54.66563597407333,,,
2023-12-16,Region F,21.168571428571425,7.481999999999999,57.82451372517065,,,
2023-12-23,Region D,21.400000000000002,62.199999999999996,60.98339147626796,,,
2023-12-23,Region E,20.840000000000003,51.00399999999999,57.303552027983486,,,
2023-12-23,Region B,21.040000000000003,58.46799999999999,56.70572936677444,,,
2023-12-23,Region A,20.650000000000002,13.684,56.421341178014146,,,
2023-12-23,Region G,20.240000000000002,42.91799999999999,54.22153524090806,,,
2023-12-23,Region C,24.590000000000003,82.104,56.70572936677444,,,
2023-12-23,Region H,11.860000000000003,46.65,54.66563597407333,,,
2023-12-23,Region F,17.44,53.492,57.82451372517065,,,
2023-12-30,Region D,23.142857142857142,23.9,60.98339147626796,0.0,0.0,1.0
2023-12-30,Region E,22.582857142857144,19.598,57.303552027983486,0.0,0.0,1.0
2023-12-30,Region B,22.782857142857143,22.465999999999998,56.70572936677444,0.0,0.0,1.0
2023-12-30,Region A,22.392857142857142,5.258,56.421341178014146,0.0,0.0,1.0
2023-12-30,Region G,21.982857142857142,16.490999999999996,54.22153524090806,0.0,0.0,1.0
2023-12-30,Region C,26.332857142857144,31.548,56.70572936677444,0.0,0.0,1.0
2023-12-30,Region H,13.602857142857143,17.924999999999997,54.66563597407333,0.0,0.0,1.0
2023-12-30,Region F,19.18285714285714,20.554,57.82451372517065,0.0,0.0,1.0
2024-01-06,Region D,24.514285714285712,10.0,58.30515456860514,0.0,0.0,1.0
2024-01-06,Region E,23.954285714285714,8.2,53.84233934773479,0.0,0.0,1.0
2024-01-06,Region B,24.154285714285713,9.399999999999999,52.33913698189974,0.0,0.0,1.0
2024-01-06,Region A,23.764285714285712,2.2,52.225407477901626,0.0,0.0,1.0
2024-01-06,Region G,23.354285714285712,6.8999999999999995,50.88272649269951,0.0,0.0,1.0
2024-01-06,Region C,27.704285714285714,13.200000000000001,52.33913698189974,0.0,0.0,1.0
2024-01-06,Region H,14.974285714285713,7.5,49.018715194829014,0.0,0.0,1.0
2024-01-06,Region F,20.55428571428571,8.6,53.66193488171707,0.0,0.0,1.0
2024-01-13,Region D,24.628571428571426,39.5,58.30515456860514,,,
2024-01-13,Region E,24.068571428571428,32.39,53.84233934773479,,,
2024-01-13,Region B,24.268571428571427,37.129999999999995,52.33913698189974,,,
2024-01-13,Region A,23.878571428571426,8.69,52.225407477901626,,,
2024-01-13,Region G,23.468571428571426,27.255,50.88272649269951,,,
2024-01-13,Region C,27.818571428571428,52.14,52.33913698189974,,,
2024-01-13,Region H,15.088571428571427,29.625,49.018715194829014,,,
2024-01-13,Region F,20.668571428571425,33.97,53.66193488171707,,,
2024-01-20,Region D,24.557142857142853,17.0,58.30515456860514,,,
2024-01-20,Region E,23.997142857142855,13.94,53.84233934773479,,,
2024-01-20,Region B,24.197142857142854,15.979999999999999,52.33913698189974,,,
2024-01-20,Region A,23.807142857142853,3.74,52.225407477901626,,,
2024-01-20,Region G,23.397142857142853,11.729999999999999,50.88272649269951,,,
2024-01-20,Region C,27.747142857142855,22.44,52.33913698189974,,,
2024-01-20,Region H,15.017142857142854,12.75,49.018715194829014,,,
2024-01-20,Region F,20.597142857142853,14.62,53.66193488171707,,,
2024-01-27,Region D,24.185714285714287,0.0,58.30515456860514,,,
2024-01-27,Region E,23.625714285714288,0.0,53.84233934773479,,,
2024-01-27,Region B,23.825714285714287,0.0,52.33913698189974,,,
2024-01-27,Region A,23.435714285714287,0.0,52.225407477901626,,,
2024-01-27,Region G,23.025714285714287,0.0,50.88272649269951,,,
2024-01-27,Region C,27.375714285714288,0.0,52.33913698189974,,,
2024-01-27,Region H,14.645714285714288,0.0,49.018715194829014,,,
2024-01-27,Region F,20.225714285714286,0.0,53.66193488171707,,,
2024-02-03,Region D,28.08571428571429,1.4,56.50882159611258,,,
2024-02-03,Region E,27.52571428571429,1.148,53.15241698494384,,,
2024-02-03,Region B,27.72571428571429,1.3159999999999998,52.42412715469697,,,
2024-02-03,Region A,27.33571428571429,0.308,50.58804041126553,,,
2024-02-03,Region G,26.92571428571429,0.9659999999999999,50.52430220402196,,,
2024-02-03,Region C,31.27571428571429,1.8479999999999999,52.42412715469697,,,
2024-02-03,Region H,18.54571428571429,1.0499999999999998,49.8314192676962,,,
2024-02-03,Region F,24.125714285714288,1.204,53.170120431904394,,,
2024-02-10,Region D,26.285714285714285,48.3,56.50882159611258,,,
2024-02-10,Region E,25.725714285714286,39.605999999999995,53.15241698494384,,,
2024-02-10,Region B,25.925714285714285,45.401999999999994,52.42412715469697,,,
2024-02-10,Region A,25.535714285714285,10.626,50.58804041126553,,,
2024-02-10,Region G,25.125714285714285,33.327,50.52430220402196,,,
2024-02-10,Region C,29.475714285714286,63.756,52.42412715469697,,,
2024-02-10,Region H,16.745714285714286,36.224999999999994,49.8314192676962,,,
2024-02-10,Region F,22.325714285714284,41.538,53.170120431904394,,,
2024-02-17,Region D,23.542857142857144,7.8,56.50882159611258,0.0,0.0,1.0
2024-02-17,Region E,22.982857142857146,6.396,53.15241698494384,0.0,0.0,1.0
2024-02-17,Region B,23.182857142857145,7.332,52.42412715469697,0.0,0.0,1.0
2024-02-17,Region A,22.792857142857144,1.716,50.58804041126553,0.0,0.0,1.0
2024-02-17,Region G,22.382857142857144,5.382,50.52430220402196,0.0,0.0,1.0
2024-02-17,Region C,26.732857142857146,10.296,52.42412715469697,0.0,0.0,1.0
2024-02-17,Region H,14.002857142857145,5.85,49.8314192676962,0.0,0.0,1.0
2024-02-17,Region F,19.582857142857144,6.708,53.170120431904394,0.0,0.0,1.0
2024-02-24,Region D,25.214285714285715,3.6999999999999997,56.50882159611258,,,
2024-02-24,Region E,24.654285714285717,3.034,53.15241698494384,,,
2024-02-24,Region B,24.854285714285716,3.4779999999999998,52.42412715469697,,,
2024-02-24,Region A,24.464285714285715,0.814,50.58804041126553,,,
2024-02-24,Region G,24.054285714285715,2.5529999999999995,50.52430220402196,,,
2024-02-24,Region C,28.404285714285717,4.8839999999999995,52.42412715469697,,,
2024-02-24,Region H,15.674285714285716,2.775,49.8314192676962,,,
2024-02-24,Region F,21.254285714285714,3.182,53.170120431904394,,,
2024-03-02,Region D,24.28571428571429,18.2,52.024787997830835,,,
2024-03-02,Region E,23.72571428571429,14.923999999999998,52.623279271310416,,,
2024-03-02,Region B,23.92571428571429,17.107999999999997,53.42698251473964,,,
2024-03-02,Region A,23.53571428571429,4.004,48.0146003678726,,,
2024-03-02,Region G,23.125714285714288,12.557999999999998,52.41806730136078,,,
2024-03-02,Region C,27.47571428571429,24.024,53.42698251473964,,,
2024-03-02,Region H,14.745714285714289,13.649999999999999,49.44827365773811,,,
2024-03-02,Region F,20.325714285714287,15.652,50.73653082778448,,,
2024-03-09,Region D,22.3,7.1,52.024787997830835,,,
2024-03-09,Region E,21.740000000000002,5.821999999999999,52.623279271310416,,,
2024-03-09,Region B,21.94,6.6739999999999995,53.42698251473964,,,
2024-03-09,Region A,21.55,1.5619999999999998,48.0146003678726,,,
2024-03-09,Region G,21.14,4.898999999999999,52.41806730136078,,,
2024-03-09,Region C,25.490000000000002,9.372,53.42698251473964,,,
2024-03-09,Region H,12.760000000000002,5.324999999999999,49.44827365773811,,,
2024-03-09,Region F,18.34,6.106,50.73653082778448,,,
2024-03-16,Region D,22.900000000000002,126.8,52.024787997830835,,,
2024-03-16,Region E,22.340000000000003,103.97599999999998,52.623279271310416,,,
2024-03-16,Region B,22.540000000000003,119.192,53.42698251473964,,,
2024-03-16,Region A,22.150000000000002,27.896,48.0146003678726,,,
2024-03-16,Region G,21.740000000000002,87.49199999999999,52.41806730136078,,,
2024-03-16,Region C,26.090000000000003,167.376,53.42698251473964,,,
2024-03-16,Region H,13.360000000000003,95.1,49.44827365773811,,,
2024-03-16,Region F,18.94,109.048,50.73653082778448,,,
2024-03-23,Region D,21.485714285714284,55.9,52.024787997830835,,,
2024-03-23,Region E,20.925714285714285,45.837999999999994,52.623279271310416,,,
2024-03-23,Region B,21.125714285714285,52.54599999999999,53.42698251473964,,,
2024-03-23,Region A,20.735714285714284,12.298,48.0146003678726,,,
2024-03-23,Region G,20.325714285714284,38.571,52.41806730136078,,,
2024-03-23,Region C,24.675714285714285,73.788,53.42698251473964,,,
2024-03-23,Region H,11.945714285714285,41.925,49.44827365773811,,,
2024-03-23,Region F,17.525714285714283,48.074,50.73653082778448,,,
2024-03-30,Region D,22.97142857142857,0.0,52.024787997830835,0.0,0.0,2.0
2024-03-30,Region E,22.411428571428573,0.0,52.623279271310416,0.0,0.0,2.0
2024-03-30,Region B,22.611428571428572,0.0,53.42698251473964,0.0,0.0,2.0
2024-03-30,Region A,22.22142857142857,0.0,48.0146003678726,0.0,0.0,2.0
2024-03-30,Region G,21.81142857142857,0.0,52.41806730136078,0.0,0.0,2.0
2024-03-30,Region C,26.161428571428573,0.0,53.42698251473964,0.0,0.0,2.0
2024-03-30,Region H,13.431428571428572,0.0,49.44827365773811,0.0,0.0,2.0
2024-03-30,Region F,19.01142857142857,0.0,50.73653082778448,0.0,0.0,2.0
2024-04-06,Region D,19.557142857142853,29.7,55.68634693352969,,,
2024-04-06,Region E,18.997142857142855,24.354,54.72113737552668,,,
2024-04-06,Region B,19.197142857142854,27.918,55.302269096218126,,,
2024-04-06,Region A,18.807142857142853,6.534,51.256120221804025,,,
2024-04-06,Region G,18.397142857142853,20.493,53.17479609683222,,,
2024-04-06,Region C,22.747142857142855,39.204,55.302269096218126,,,
2024-04-06,Region H,10.017142857142854,22.275,52.83556684393391,,,
2024-04-06,Region F,15.597142857142853,25.541999999999998,54.2609568887318,,,
2024-04-13,Region D,19.014285714285712,29.4,55.68634693352969,,,
2024-04-13,Region E,18.454285714285714,24.107999999999997,54.72113737552668,,,
2024-04-13,Region B,18.654285714285713,27.635999999999996,55.302269096218126,,,
2024-04-13,Region A,18.264285714285712,6.468,51.256120221804025,,,
2024-04-13,Region G,17.854285714285712,20.285999999999998,53.17479609683222,,,
2024-04-13,Region C,22.204285714285714,38.808,55.302269096218126,,,
2024-04-13,Region H,9.474285714285713,22.049999999999997,52.83556684393391,,,
2024-04-13,Region F,15.054285714285712,25.284,54.2609568887318,,,
2024-04-20,Region D,19.471428571428568,78.0,55.68634693352969,,,
2024-04-20,Region E,18.91142857142857,63.959999999999994,54.72113737552668,,,
2024-04-20,Region B,19.11142857142857,73.32,55.302269096218126,,,
2024-04-20,Region A,18.721428571428568,17.16,51.256120221804025,,,
2024-04-20,Region G,18.311428571428568,53.81999999999999,53.17479609683222,,,
2024-04-20,Region C,22.66142857142857,102.96000000000001,55.302269096218126,,,
2024-04-20,Region H,9.931428571428569,58.5,52.83556684393391,,,
2024-04-20,Region F,15.511428571428567,67.08,54.2609568887318,,,
2024-04-27,Region D,17.88571428571429,75.9,55.68634693352969,,,
2024-04-27,Region E,17.32571428571429,62.238,54.72113737552668,,,
2024-04-27,Region B,17.52571428571429,71.346,55.302269096218126,,,
2024-04-27,Region A,17.13571428571429,16.698,51.256120221804025,,,
2024-04-27,Region G,16.72571428571429,52.371,53.17479609683222,,,
2024-04-27,Region C,21.07571428571429,100.18800000000002,55.302269096218126,,,
2024-04-27,Region H,8.34571428571429,56.925000000000004,52.83556684393391,,,
2024-04-27,Region F,13.925714285714289,65.274,54.2609568887318,,,
2024-05-04,Region D,15.471428571428572,1.1,45.90846409619177,0.0,0.0,1.0
2024-05-04,Region E,14.911428571428571,0.902,52.256467520625066,0.0,0.0,1.0
2024-05-04,Region B,15.111428571428572,1.034,57.391663417898364,0.0,0.0,1.0
2024-05-04,Region A,14.721428571428572,0.24200000000000002,45.76162613491405,0.0,0.0,1.0
2024-05-04,Region G,14.311428571428571,0.759,53.46927504778503,0.0,0.0,1.0
2024-05-04,Region C,18.661428571428573,1.4520000000000002,57.391663417898364,0.0,0.0,1.0
2024-05-04,Region H,5.931428571428572,0.8250000000000001,49.56852342238713,0.0,0.0,1.0
2024-05-04,Region F,11.51142857142857,0.9460000000000001,47.738493759289454,0.0,0.0,1.0
2024-05-11,Region D,16.04285714285714,3.5,45.90846409619177,,,
2024-05-11,Region E,15.48285714285714,2.8699999999999997,52.256467520625066,,,
2024-05-11,Region B,15.682857142857141,3.29,57.391663417898364,,,
2024-05-11,Region A,15.292857142857141,0.77,45.76162613491405,,,
2024-05-11,Region G,14.88285714285714,2.415,53.46927504778503,,,
2024-05-11,Region C,19.232857142857142,4.62,57.391663417898364,,,
2024-05-11,Region H,6.502857142857142,2.625,49.56852342238713,,,
2024-05-11,Region F,12.08285714285714,3.01,47.738493759289454,,,
2024-05-18,Region D,11.07142857142857,9.9,45.90846409619177,,,
2024-05-18,Region E,10.511428571428569,8.118,52.256467520625066,,,
2024-05-18,Region B,10.71142857142857,9.306,57.391663417898364,,,
2024-05-18,Region A,10.32142857142857,2.178,45.76162613491405,,,
2024-05-18,Region G,9.91142857142857,6.8309999999999995,53.46927504778503,,,
2024-05-18,Region C,14.261428571428569,13.068000000000001,57.391663417898364,,,
2024-05-18,Region H,1.5314285714285703,7.425000000000001,49.56852342238713,,,
2024-05-18,Region F,7.111428571428569,8.514,47.738493759289454,,,
2024-05-25,Region D,11.471428571428572,0.3,45.90846409619177,0.0,0.0,1.0
2024-05-25,Region E,10.911428571428571,0.24599999999999997,52.256467520625066,0.0,0.0,1.0
2024-05-25,Region B,11.111428571428572,0.282,57.391663417898364,0.0,0.0,1.0
2024-05-25,Region A,10.721428571428572,0.066,45.76162613491405,0.0,0.0,1.0
2024-05-25,Region G,10.311428571428571,0.207,53.46927504778503,0.0,0.0,1.0
2024-05-25,Region C,14.661428571428571,0.396,57.391663417898364,0.0,0.0,1.0
2024-05-25,Region H,1.9314285714285724,0.22499999999999998,49.56852342238713,0.0,0.0,1.0
2024-05-25,Region F,7.511428571428572,0.258,47.738493759289454,0.0,0.0,1.0
2024-06-01,Region D,12.400000000000002,2.5,51.54951691441097,,,
2024-06-01,Region E,11.840000000000002,2.05,56.290581844783446,,,
2024-06-01,Region B,12.040000000000003,2.3499999999999996,59.29979058682614,,,
2024-06-01,Region A,11.650000000000002,0.55,51.61430892569892,,,
2024-06-01,Region G,11.240000000000002,1.7249999999999999,58.02243803311321,,,
2024-06-01,Region C,15.590000000000002,3.3000000000000003,59.29979058682614,,,
2024-06-01,Region H,2.860000000000003,1.875,54.42910995416419,,,
2024-06-01,Region F,8.440000000000001,2.15,52.98931343428758,,,
2024-06-08,Region D,13.471428571428572,5.5,51.54951691441097,,,
2024-06-08,Region E,12.911428571428571,4.51,56.290581844783446,,,
2024-06-08,Region B,13.111428571428572,5.17,59.29979058682614,,,
2024-06-08,Region A,12.721428571428572,1.21,51.61430892569892,,,
2024-06-08,Region G,12.311428571428571,3.795,58.02243803311321,,,
2024-06-08,Region C,16.661428571428573,7.260000000000001,59.29979058682614,,,
2024-06-08,Region H,3.9314285714285724,4.125,54.42910995416419,,,
2024-06-08,Region F,9.51142857142857,4.7299999999999995,52.98931343428758,,,
2024-06-15,Region D,17.7,13.0,51.54951691441097,,,
2024-06-15,Region E,17.14,10.66,56.290581844783446,,,
2024-06-15,Region B,17.34,12.219999999999999,59.29979058682614,,,
2024-06-15,Region A,16.95,2.86,51.61430892569892,,,
2024-06-15,Region G,16.54,8.969999999999999,58.02243803311321,,,
2024-06-15,Region C,20.89,17.16,59.29979058682614,,,
2024-06-15,Region H,8.16,9.75,54.42910995416419,,,
2024-06-15,Region F,13.739999999999998,11.18,52.98931343428758,,,
2024-06-22,Region D,15.328571428571426,21.400000000000002,51.54951691441097,,,
2024-06-22,Region E,14.768571428571425,17.548000000000002,56.290581844783446,,,
2024-06-22,Region B,14.968571428571426,20.116,59.29979058682614,,,
2024-06-22,Region A,14.578571428571426,4.708,51.61430892569892,,,
2024-06-22,Region G,14.168571428571425,14.766,58.02243803311321,,,
2024-06-22,Region C,18.518571428571427,28.248000000000005,59.29979058682614,,,
2024-06-22,Region H,5.7885714285714265,16.05,54.42910995416419,,,
2024-06-22,Region F,11.368571428571425,18.404,52.98931343428758,,,
2024-06-29,Region D,10.157142857142857,4.8,51.54951691441097,,,
2024-06-29,Region E,9.597142857142856,3.9359999999999995,56.290581844783446,,,
2024-06-29,Region B,9.797142857142857,4.512,59.29979058682614,,,
2024-06-29,Region A,9.407142857142857,1.056,51.61430892569892,,,
2024-06-29,Region G,8.997142857142856,3.312,58.02243803311321,,,
2024-06-29,Region C,13.347142857142856,6.336,59.29979058682614,,,
2024-06-29,Region H,0.6171428571428574,3.5999999999999996,54.42910995416419,,,
2024-06-29,Region F,6.197142857142857,4.128,52.98931343428758,,,
2024-07-06,Region D,9.742857142857142,0.0,50.84786680472138,,,
2024-07-06,Region E,9.182857142857141,0.0,56.20882330921945,,,
2024-07-06,Region B,9.382857142857143,0.0,59.31922258912015,,,
2024-07-06,Region A,8.992857142857142,0.0,48.40104905284174,,,
2024-07-06,Region G,8.582857142857142,0.0,58.4593805338168,,,
2024-07-06,Region C,12.932857142857141,0.0,59.31922258912015,,,
2024-07-06,Region H,0.20285714285714285,0.0,53.480582870007844,,,
2024-07-06,Region F,5.782857142857142,0.0,52.16422483736461,,,
2024-07-13,Region D,6.971428571428571,0.0,50.84786680472138,1.0,0.0,1.0
2024-07-13,Region E,6.411428571428571,0.0,56.20882330921945,1.0,0.0,1.0
2024-07-13,Region B,6.61142857142857,0.0,59.31922258912015,1.0,0.0,1.0
2024-07-13,Region A,6.221428571428571,0.0,48.40104905284174,1.0,0.0,1.0
2024-07-13,Region G,5.8114285714285705,0.0,58.4593805338168,1.0,0.0,1.0
2024-07-13,Region C,10.161428571428571,0.0,59.31922258912015,1.0,0.0,1.0
2024-07-13,Region H,-2.5685714285714285,0.0,53.480582870007844,1.0,0.0,1.0
2024-07-13,Region F,3.0114285714285707,0.0,52.16422483736461,1.0,0.0,1.0
2024-07-20,Region D,11.242857142857144,2.3000000000000003,50.84786680472138,0.0,1.0,0.0
2024-07-20,Region E,10.682857142857143,1.8860000000000001,56.20882330921945,0.0,1.0,0.0
2024-07-20,Region B,10.882857142857144,2.162,59.31922258912015,0.0,1.0,0.0
2024-07-20,Region A,10.492857142857144,0.5060000000000001,48.40104905284174,0.0,1.0,0.0
2024-07-20,Region G,10.082857142857144,1.587,58.4593805338168,0.0,1.0,0.0
2024-07-20,Region C,14.432857142857143,3.0360000000000005,59.31922258912015,0.0,1.0,0.0
2024-07-20,Region H,1.7028571428571446,1.725,53.480582870007844,0.0,1.0,0.0
2024-07-20,Region F,7.282857142857144,1.9780000000000002,52.16422483736461,0.0,1.0,0.0
2024-07-27,Region D,13.62857142857143,15.6,50.84786680472138,,,
2024-07-27,Region E,13.06857142857143,12.792,56.20882330921945,,,
2024-07-27,Region B,13.26857142857143,14.664,59.31922258912015,,,
2024-07-27,Region A,12.87857142857143,3.432,48.40104905284174,,,
2024-07-27,Region G,12.46857142857143,10.764,58.4593805338168,,,
2024-07-27,Region C,16.81857142857143,20.592,59.31922258912015,,,
2024-07-27,Region H,4.088571428571431,11.7,53.480582870007844,,,
2024-07-27,Region F,9.668571428571429,13.416,52.16422483736461,,,
2024-08-03,Region D,13.72857142857143,22.599999999999998,52.67039313987261,,,
2024-08-03,Region E,13.168571428571429,18.531999999999996,56.67782868260889,,,
2024-08-03,Region B,13.36857142857143,21.243999999999996,57.92536587337167,,,
2024-08-03,Region A,12.97857142857143,4.9719999999999995,49.45098905414722,,,
2024-08-03,Region G,12.56857142857143,15.593999999999998,59.43772703458242,,,
2024-08-03,Region C,16.91857142857143,29.831999999999997,57.92536587337167,,,
2024-08-03,Region H,4.18857142857143,16.95,54.11397750538203,,,
2024-08-03,Region F,9.76857142857143,19.435999999999996,53.39218532262732,,,
2024-08-10,Region D,11.614285714285714,8.799999999999999,52.67039313987261,,,
2024-08-10,Region E,11.054285714285713,7.215999999999998,56.67782868260889,,,
2024-08-10,Region B,11.254285714285714,8.271999999999998,57.92536587337167,,,
2024-08-10,Region A,10.864285714285714,1.9359999999999997,49.45098905414722,,,
2024-08-10,Region G,10.454285714285714,6.071999999999999,59.43772703458242,,,
2024-08-10,Region C,14.804285714285713,11.616,57.92536587337167,,,
2024-08-10,Region H,2.0742857142857147,6.6,54.11397750538203,,,
2024-08-10,Region F,7.654285714285714,7.567999999999999,53.39218532262732,,,
2024-08-17,Region D,11.714285714285712,0.0,52.67039313987261,,,
2024-08-17,Region E,11.154285714285711,0.0,56.67782868260889,,,
2024-08-17,Region B,11.354285714285712,0.0,57.92536587337167,,,
2024-08-17,Region A,10.964285714285712,0.0,49.45098905414722,,,
2024-08-17,Region G,10.554285714285712,0.0,59.43772703458242,,,
2024-08-17,Region C,14.904285714285711,0.0,57.92536587337167,,,
2024-08-17,Region H,2.1742857142857126,0.0,54.11397750538203,,,
2024-08-17,Region F,7.754285714285712,0.0,53.39218532262732,,,
2024-08-24,Region D,10.828571428571427,30.1,52.67039313987261,,,
2024-08-24,Region E,10.268571428571427,24.682,56.67782868260889,,,
2024-08-24,Region B,10.468571428571428,28.294,57.92536587337167,,,
2024-08-24,Region A,10.078571428571427,6.622000000000001,49.45098905414722,,,
2024-08-24,Region G,9.668571428571427,20.769,59.43772703458242,,,
2024-08-24,Region C,14.018571428571427,39.732000000000006,57.92536587337167,,,
2024-08-24,Region H,1.2885714285714283,22.575000000000003,54.11397750538203,,,
2024-08-24,Region F,6.868571428571427,25.886,53.39218532262732,,,
2024-08-31,Region D,11.1,84.1,52.67039313987261,,,
2024-08-31,Region E,10.54,68.96199999999999,56.67782868260889,,,
2024-08-31,Region B,10.74,79.05399999999999,57.92536587337167,,,
2024-08-31,Region A,10.35,18.502,49.45098905414722,,,
2024-08-31,Region G,9.94,58.02899999999999,59.43772703458242,,,
2024-08-31,Region C,14.29,111.012,57.92536587337167,,,
2024-08-31,Region H,1.5600000000000005,63.074999999999996,54.11397750538203,,,
2024-08-31,Region F,7.14,72.326,53.39218532262732,,,
2024-09-07,Region D,14.328571428571431,24.9,53.85431340193204,,,
2024-09-07,Region E,13.76857142857143,20.418,57.63898517712338,,,
2024-09-07,Region B,13.968571428571432,23.406,59.68576588588914,,,
2024-09-07,Region A,13.578571428571431,5.478,50.34358285212862,,,
2024-09-07,Region G,13.16857142857143,17.180999999999997,59.37687624354897,,,
2024-09-07,Region C,17.51857142857143,32.868,59.68576588588914,,,
2024-09-07,Region H,4.788571428571432,18.674999999999997,52.08002038070014,,,
2024-09-07,Region F,10.368571428571432,21.413999999999998,52.96716689131609,,,
2024-09-14,Region D,14.814285714285713,0.2,53.85431340193204,,,
2024-09-14,Region E,14.254285714285713,0.164,57.63898517712338,,,
2024-09-14,Region B,14.454285714285714,0.188,59.68576588588914,,,
2024-09-14,Region A,14.064285714285713,0.044000000000000004,50.34358285212862,,,
2024-09-14,Region G,13.654285714285713,0.13799999999999998,59.37687624354897,,,
2024-09-14,Region C,18.004285714285714,0.264,59.68576588588914,,,
2024-09-14,Region H,5.274285714285714,0.15000000000000002,52.08002038070014,,,
2024-09-14,Region F,10.854285714285712,0.17200000000000001,52.96716689131609,,,
2024-09-21,Region D,17.885714285714283,14.7,53.85431340193204,0.0,1.0,0.0
2024-09-21,Region E,17.325714285714284,12.053999999999998,57.63898517712338,0.0,1.0,0.0
2024-09-21,Region B,17.525714285714283,13.817999999999998,59.68576588588914,0.0,1.0,0.0
2024-09-21,Region A,17.135714285714283,3.234,50.34358285212862,0.0,1.0,0.0
2024-09-21,Region G,16.725714285714282,10.142999999999999,59.37687624354897,0.0,1.0,0.0
2024-09-21,Region C,21.075714285714284,19.404,59.68576588588914,0.0,1.0,0.0
2024-09-21,Region H,8.345714285714283,11.024999999999999,52.08002038070014,0.0,1.0,0.0
2024-09-21,Region F,13.925714285714282,12.642,52.96716689131609,0.0,1.0,0.0
2024-09-28,Region D,16.728571428571428,0.6,53.85431340193204,,,
2024-09-28,Region E,16.16857142857143,0.49199999999999994,57.63898517712338,,,
2024-09-28,Region B,16.36857142857143,0.564,59.68576588588914,,,
2024-09-28,Region A,15.978571428571428,0.132,50.34358285212862,,,
2024-09-28,Region G,15.568571428571428,0.414,59.37687624354897,,,
2024-09-28,Region C,19.91857142857143,0.792,59.68576588588914,,,
2024-09-28,Region H,7.188571428571429,0.44999999999999996,52.08002038070014,,,
2024-09-28,Region F,12.768571428571427,0.516,52.96716689131609,,,
2024-10-05,Region D,18.38571428571429,11.2,54.66339019069629,,,
2024-10-05,Region E,17.82571428571429,9.184,58.55076498882679,,,
2024-10-05,Region B,18.02571428571429,10.527999999999999,60.84354333522859,,,
2024-10-05,Region A,17.63571428571429,2.464,50.71631899305047,,,
2024-10-05,Region G,17.22571428571429,7.727999999999999,60.1453614405555,,,
2024-10-05,Region C,21.57571428571429,14.783999999999999,60.84354333522859,,,
2024-10-05,Region H,8.84571428571429,8.399999999999999,52.50178796860864,,,
2024-10-05,Region F,14.425714285714289,9.632,53.582589079652465,,,
2024-10-12,Region D,18.22857142857143,7.3,54.66339019069629,,,
2024-10-12,Region E,17.668571428571433,5.986,58.55076498882679,,,
2024-10-12,Region B,17.868571428571432,6.861999999999999,60.84354333522859,,,
2024-10-12,Region A,17.47857142857143,1.6059999999999999,50.71631899305047,,,
2024-10-12,Region G,17.06857142857143,5.037,60.1453614405555,,,
2024-10-12,Region C,21.418571428571433,9.636000000000001,60.84354333522859,,,
2024-10-12,Region H,8.688571428571432,5.475,52.50178796860864,,,
2024-10-12,Region F,14.26857142857143,6.278,53.582589079652465,,,
2024-10-19,Region D,19.442857142857143,0.6000000000000001,54.66339019069629,,,
2024-10-19,Region E,18.882857142857144,0.49200000000000005,58.55076498882679,,,
2024-10-19,Region B,19.082857142857144,0.5640000000000001,60.84354333522859,,,
2024-10-19,Region A,18.692857142857143,0.13200000000000003,50.71631899305047,,,
2024-10-19,Region G,18.282857142857143,0.41400000000000003,60.1453614405555,,,
2024-10-19,Region C,22.632857142857144,0.7920000000000001,60.84354333522859,,,
2024-10-19,Region H,9.902857142857144,0.45000000000000007,52.50178796860864,,,
2024-10-19,Region F,15.482857142857142,0.516,53.582589079652465,,,
2024-10-26,Region D,20.442857142857143,50.199999999999996,54.66339019069629,,,
2024-10-26,Region E,19.882857142857144,41.163999999999994,58.55076498882679,,,
2024-10-26,Region B,20.082857142857144,47.187999999999995,60.84354333522859,,,
2024-10-26,Region A,19.692857142857143,11.043999999999999,50.71631899305047,,,
2024-10-26,Region G,19.282857142857143,34.63799999999999,60.1453614405555,,,
2024-10-26,Region C,23.632857142857144,66.264,60.84354333522859,,,
2024-10-26,Region H,10.902857142857144,37.65,52.50178796860864,,,
2024-10-26,Region F,16.482857142857142,43.172,53.582589079652465,,,
2024-11-02,Region D,23.014285714285716,10.2,56.30730560435378,,,
2024-11-02,Region E,22.454285714285717,8.363999999999999,60.02298249078583,,,
2024-11-02,Region B,22.654285714285717,9.588,62.17817620775455,,,
2024-11-02,Region A,22.264285714285716,2.2439999999999998,51.93100972757337,,,
2024-11-02,Region G,21.854285714285716,7.037999999999999,61.58346566024913,,,
2024-11-02,Region C,26.204285714285717,13.464,62.17817620775455,,,
2024-11-02,Region H,13.474285714285717,7.6499999999999995,52.48620744392367,,,
2024-11-02,Region F,19.054285714285715,8.771999999999998,54.39675652413872,,,
2024-11-09,Region D,19.914285714285715,22.700000000000003,56.30730560435378,,,
2024-11-09,Region E,19.354285714285716,18.614,60.02298249078583,,,
2024-11-09,Region B,19.554285714285715,21.338,62.17817620775455,,,
2024-11-09,Region A,19.164285714285715,4.994000000000001,51.93100972757337,,,
2024-11-09,Region G,18.754285714285714,15.663,61.58346566024913,,,
2024-11-09,Region C,23.104285714285716,29.964000000000006,62.17817620775455,,,
2024-11-09,Region H,10.374285714285715,17.025000000000002,52.48620744392367,,,
2024-11-09,Region F,15.954285714285714,19.522000000000002,54.39675652413872,,,
2024-11-16,Region D,21.8,1.1,56.30730560435378,,,
2024-11-16,Region E,21.240000000000002,0.902,60.02298249078583,,,
2024-11-16,Region B,21.44,1.034,62.17817620775455,,,
2024-11-16,Region A,21.05,0.24200000000000002,51.93100972757337,,,
2024-11-16,Region G,20.64,0.759,61.58346566024913,,,
2024-11-16,Region C,24.990000000000002,1.4520000000000002,62.17817620775455,,,
2024-11-16,Region H,12.260000000000002,0.8250000000000001,52.48620744392367,,,
2024-11-16,Region F,17.84,0.9460000000000001,54.39675652413872,,,
2024-11-23,Region D,20.428571428571427,32.8,56.30730560435378,,,
2024-11-23,Region E,19.86857142857143,26.895999999999997,60.02298249078583,,,
2024-11-23,Region B,20.068571428571428,30.831999999999997,62.17817620775455,,,
2024-11-23,Region A,19.678571428571427,7.215999999999999,51.93100972757337,,,
2024-11-23,Region G,19.268571428571427,22.631999999999998,61.58346566024913,,,
2024-11-23,Region C,23.61857142857143,43.296,62.17817620775455,,,
2024-11-23,Region H,10.888571428571428,24.599999999999998,52.48620744392367,,,
2024-11-23,Region F,16.468571428571426,28.208,54.39675652413872,,,
2024-11-30,Region D,22.914285714285715,24.7,56.30730560435378,,,
2024-11-30,Region E,22.354285714285716,20.253999999999998,60.02298249078583,,,
2024-11-30,Region B,22.554285714285715,23.217999999999996,62.17817620775455,,,
2024-11-30,Region A,22.164285714285715,5.434,51.93100972757337,,,
2024-11-30,Region G,21.754285714285714,17.043,61.58346566024913,,,
2024-11-30,Region C,26.104285714285716,32.604,62.17817620775455,,,
2024-11-30,Region H,13.374285714285715,18.525,52.48620744392367,,,
2024-11-30,Region F,18.954285714285714,21.241999999999997,54.39675652413872,,,
2024-12-07,Region D,20.085714285714285,30.999999999999996,60.03830226552643,,,
2024-12-07,Region E,19.525714285714287,25.419999999999995,61.931676301392486,,,
2024-12-07,Region B,19.725714285714286,29.139999999999993,63.129719275772935,,,
2024-12-07,Region A,19.335714285714285,6.819999999999999,49.99304450527377,,,
2024-12-07,Region G,18.925714285714285,21.389999999999997,62.62700736287806,,,
2024-12-07,Region C,23.275714285714287,40.919999999999995,63.129719275772935,,,
2024-12-07,Region H,10.545714285714286,23.249999999999996,52.795511987404296,,,
2024-12-07,Region F,16.125714285714285,26.659999999999997,56.41690712646537,,,
2024-12-14,Region D,22.099999999999998,0.3,60.03830226552643,,,
2024-12-14,Region E,21.54,0.24599999999999997,61.931676301392486,,,
2024-12-14,Region B,21.74,0.282,63.129719275772935,,,
2024-12-14,Region A,21.349999999999998,0.066,49.99304450527377,,,
2024-12-14,Region G,20.939999999999998,0.207,62.62700736287806,,,
2024-12-14,Region C,25.29,0.396,63.129719275772935,,,
2024-12-14,Region H,12.559999999999999,0.22499999999999998,52.795511987404296,,,
2024-12-14,Region F,18.139999999999997,0.258,56.41690712646537,,,
2024-12-21,Region D,22.271428571428572,4.5,60.03830226552643,,,
2024-12-21,Region E,21.711428571428574,3.69,61.931676301392486,,,
2024-12-21,Region B,21.911428571428573,4.2299999999999995,63.129719275772935,,,
2024-12-21,Region A,21.521428571428572,0.99,49.99304450527377,,,
2024-12-21,Region G,21.111428571428572,3.1049999999999995,62.62700736287806,,,
2024-12-21,Region C,25.461428571428574,5.94,63.129719275772935,,,
2024-12-21,Region H,12.731428571428573,3.375,52.795511987404296,,,
2024-12-21,Region F,18.31142857142857,3.87,56.41690712646537,,,
2024-12-28,Region D,21.057142857142857,1.5,60.03830226552643,0.0,0.0,1.0
2024-12-28,Region E,20.497142857142858,1.23,61.931676301392486,0.0,0.0,1.0
2024-12-28,Region B,20.697142857142858,1.41,63.129719275772935,0.0,0.0,1.0
2024-12-28,Region A,20.307142857142857,0.33,49.99304450527377,0.0,0.0,1.0
2024-12-28,Region G,19.897142857142857,1.035,62.62700736287806,0.0,0.0,1.0
2024-12-28,Region C,24.247142857142858,1.98,63.129719275772935,0.0,0.0,1.0
2024-12-28,Region H,11.517142857142858,1.125,52.795511987404296,0.0,0.0,1.0
2024-12-28,Region F,17.097142857142856,1.29,56.41690712646537,0.0,0.0,1.0
2025-01-04,Region D,23.471428571428568,3.9,61.69352907535219,0.0,0.0,1.0
2025-01-04,Region E,22.91142857142857,3.198,63.17517688913962,0.0,0.0,1.0
2025-01-04,Region B,23.11142857142857,3.666,64.29235408666821,0.0,0.0,1.0
2025-01-04,Region A,22.721428571428568,0.858,51.92463695495721,0.0,0.0,1.0
2025-01-04,Region G,22.311428571428568,2.691,63.539647505398456,0.0,0.0,1.0
2025-01-04,Region C,26.66142857142857,5.148,64.29235408666821,0.0,0.0,1.0
2025-01-04,Region H,13.931428571428569,2.925,52.13826820135703,0.0,0.0,1.0
2025-01-04,Region F,19.511428571428567,3.354,56.915898638354605,0.0,0.0,1.0
2025-01-11,Region D,23.357142857142854,0.0,61.69352907535219,,,
2025-01-11,Region E,22.797142857142855,0.0,63.17517688913962,,,
2025-01-11,Region B,22.997142857142855,0.0,64.29235408666821,,,
2025-01-11,Region A,22.607142857142854,0.0,51.92463695495721,,,
2025-01-11,Region G,22.197142857142854,0.0,63.539647505398456,,,
2025-01-11,Region C,26.547142857142855,0.0,64.29235408666821,,,
2025-01-11,Region H,13.817142857142855,0.0,52.13826820135703,,,
2025-01-11,Region F,19.397142857142853,0.0,56.915898638354605,,,
2025-01-18,Region D,25.94285714285714,2.3,61.69352907535219,,,
2025-01-18,Region E,25.38285714285714,1.8859999999999997,63.17517688913962,,,
2025-01-18,Region B,25.58285714285714,2.162,64.29235408666821,,,
2025-01-18,Region A,25.19285714285714,0.506,51.92463695495721,,,
2025-01-18,Region G,24.78285714285714,1.5869999999999997,63.539647505398456,,,
2025-01-18,Region C,29.13285714285714,3.036,64.29235408666821,,,
2025-01-18,Region H,16.40285714285714,1.7249999999999999,52.13826820135703,,,
2025-01-18,Region F,21.98285714285714,1.9779999999999998,56.915898638354605,,,
2025-01-25,Region D,25.457142857142856,31.7,61.69352907535219,,,
2025-01-25,Region E,24.897142857142857,25.993999999999996,63.17517688913962,,,
2025-01-25,Region B,25.097142857142856,29.798,64.29235408666821,,,
2025-01-25,Region A,24.707142857142856,6.974,51.92463695495721,,,
2025-01-25,Region G,24.297142857142855,21.872999999999998,63.539647505398456,,,
2025-01-25,Region C,28.647142857142857,41.844,64.29235408666821,,,
2025-01-25,Region H,15.917142857142856,23.775,52.13826820135703,,,
2025-01-25,Region F,21.497142857142855,27.262,56.915898638354605,,,
2025-02-01,Region D,25.542857142857144,4.199999999999999,62.54216109995113,,,
2025-02-01,Region E,24.982857142857146,3.443999999999999,63.77309553823832,,,
2025-02-01,Region B,25.182857142857145,3.947999999999999,65.1385502815364,,,
2025-02-01,Region A,24.792857142857144,0.9239999999999998,52.700537247308844,,,
2025-02-01,Region G,24.382857142857144,2.8979999999999992,63.63857523322743,,,
2025-02-01,Region C,28.732857142857146,5.544,65.1385502815364,,,
2025-02-01,Region H,16.002857142857145,3.1499999999999995,52.49519013171872,,,
2025-02-01,Region F,21.582857142857144,3.611999999999999,57.51867561583492,,,
2025-02-08,Region D,26.228571428571424,32.8,62.54216109995113,,,
2025-02-08,Region E,25.668571428571425,26.895999999999997,63.77309553823832,,,
2025-02-08,Region B,25.868571428571425,30.831999999999997,65.1385502815364,,,
2025-02-08,Region A,25.478571428571424,7.215999999999999,52.700537247308844,,,
2025-02-08,Region G,25.068571428571424,22.631999999999998,63.63857523322743,,,
2025-02-08,Region C,29.418571428571425,43.296,65.1385502815364,,,
2025-02-08,Region H,16.688571428571425,24.599999999999998,52.49519013171872,,,
2025-02-08,Region F,22.268571428571423,28.208,57.51867561583492,,,
2025-02-15,Region D,24.485714285714288,19.0,62.54216109995113,,,
2025-02-15,Region E,23.92571428571429,15.579999999999998,63.77309553823832,,,
2025-02-15,Region B,24.125714285714288,17.86,65.1385502815364,,,
2025-02-15,Region A,23.735714285714288,4.18,52.700537247308844,,,
2025-02-15,Region G,23.325714285714287,13.11,63.63857523322743,,,
2025-02-15,Region C,27.67571428571429,25.080000000000002,65.1385502815364,,,
2025-02-15,Region H,14.945714285714288,14.25,52.49519013171872,,,
2025-02-15,Region F,20.525714285714287,16.34,57.51867561583492,,,
2025-02-22,Region D,24.157142857142855,2.6,62.54216109995113,,,
2025-02-22,Region E,23.597142857142856,2.132,63.77309553823832,,,
2025-02-22,Region B,23.797142857142855,2.444,65.1385502815364,,,
2025-02-22,Region A,23.407142857142855,0.5720000000000001,52.700537247308844,,,
2025-02-22,Region G,22.997142857142855,1.7939999999999998,63.63857523322743,,,
2025-02-22,Region C,27.347142857142856,3.4320000000000004,65.1385502815364,,,
2025-02-22,Region H,14.617142857142856,1.9500000000000002,52.49519013171872,,,
2025-02-22,Region F,20.197142857142854,2.236,57.51867561583492,,,
2025-03-01,Region D,25.18571428571428,15.6,60.31018197153633,,,
2025-03-01,Region E,24.62571428571428,12.792,62.26992849915761,,,
2025-03-01,Region B,24.82571428571428,14.664,63.947295967630566,,,
2025-03-01,Region A,24.43571428571428,3.432,53.648976662858765,,,
2025-03-01,Region G,24.02571428571428,10.764,62.55230755830593,,,
2025-03-01,Region C,28.37571428571428,20.592,63.947295967630566,,,
2025-03-01,Region H,15.64571428571428,11.7,54.62544531170741,,,
2025-03-01,Region F,21.22571428571428,13.416,57.467813641621866,,,
2025-03-08,Region D,25.785714285714285,100.1,60.31018197153633,0.0,0.0,2.0
2025-03-08,Region E,25.225714285714286,82.082,62.26992849915761,0.0,0.0,2.0
2025-03-08,Region B,25.425714285714285,94.094,63.947295967630566,0.0,0.0,2.0
2025-03-08,Region A,25.035714285714285,22.022,53.648976662858765,0.0,0.0,2.0
2025-03-08,Region G,24.625714285714285,69.06899999999999,62.55230755830593,0.0,0.0,2.0
2025-03-08,Region C,28.975714285714286,132.132,63.947295967630566,0.0,0.0,2.0
2025-03-08,Region H,16.245714285714286,75.07499999999999,54.62544531170741,0.0,0.0,2.0
2025-03-08,Region F,21.825714285714284,86.086,57.467813641621866,0.0,0.0,2.0
2025-03-15,Region D,18.9,1.1,60.31018197153633,,,
2025-03-15,Region E,18.34,0.902,62.26992849915761,,,
2025-03-15,Region B,18.54,1.034,63.947295967630566,,,
2025-03-15,Region A,18.15,0.24200000000000002,53.648976662858765,,,
2025-03-15,Region G,17.74,0.759,62.55230755830593,,,
2025-03-15,Region C,22.09,1.4520000000000002,63.947295967630566,,,
2025-03-15,Region H,9.36,0.8250000000000001,54.62544531170741,,,
2025-03-15,Region F,14.939999999999998,0.9460000000000001,57.467813641621866,,,
2025-03-22,Region D,24.099999999999998,12.8,60.31018197153633,,,
2025-03-22,Region E,23.54,10.496,62.26992849915761,,,
2025-03-22,Region B,23.74,12.032,63.947295967630566,,,
2025-03-22,Region A,23.349999999999998,2.8160000000000003,53.648976662858765,,,
2025-03-22,Region G,22.939999999999998,8.831999999999999,62.55230755830593,,,
2025-03-22,Region C,27.29,16.896,63.947295967630566,,,
2025-03-22,Region H,14.559999999999999,9.600000000000001,54.62544531170741,,,
2025-03-22,Region F,20.139999999999997,11.008000000000001,57.467813641621866,,,
2025-03-29,Region D,21.771428571428572,20.7,60.31018197153633,,,
2025-03-29,Region E,21.211428571428574,16.973999999999997,62.26992849915761,,,
2025-03-29,Region B,21.411428571428573,19.458,63.947295967630566,,,
2025-03-29,Region A,21.021428571428572,4.554,53.648976662858765,,,
2025-03-29,Region G,20.611428571428572,14.282999999999998,62.55230755830593,,,
2025-03-29,Region C,24.961428571428574,27.324,63.947295967630566,,,
2025-03-29,Region H,12.231428571428573,15.524999999999999,54.62544531170741,,,
2025-03-29,Region F,17.81142857142857,17.802,57.467813641621866,,,
2025-04-05,Region D,17.614285714285717,27.8,61.201653130652666,,,
2025-04-05,Region E,17.05428571428572,22.796,62.65721237436303,,,
2025-04-05,Region B,17.254285714285718,26.131999999999998,64.2297074656204,,,
2025-04-05,Region A,16.864285714285717,6.1160000000000005,54.05105446366212,,,
2025-04-05,Region G,16.454285714285717,19.182,62.54027652681603,,,
2025-04-05,Region C,20.80428571428572,36.696000000000005,64.2297074656204,,,
2025-04-05,Region H,8.074285714285718,20.85,54.31840987593268,,,
2025-04-05,Region F,13.654285714285717,23.908,57.76003150329267,,,
2025-04-12,Region D,19.45714285714286,31.7,61.201653130652666,,,
2025-04-12,Region E,18.89714285714286,25.993999999999996,62.65721237436303,,,
2025-04-12,Region B,19.09714285714286,29.798,64.2297074656204,,,
2025-04-12,Region A,18.70714285714286,6.974,54.05105446366212,,,
2025-04-12,Region G,18.29714285714286,21.872999999999998,62.54027652681603,,,
2025-04-12,Region C,22.64714285714286,41.844,64.2297074656204,,,
2025-04-12,Region H,9.91714285714286,23.775,54.31840987593268,,,
2025-04-12,Region F,15.497142857142858,27.262,57.76003150329267,,,
2025-04-19,Region D,17.2,19.7,61.201653130652666,0.0,0.0,2.0
2025-04-19,Region E,16.64,16.154,62.65721237436303,0.0,0.0,2.0
2025-04-19,Region B,16.84,18.517999999999997,64.2297074656204,0.0,0.0,2.0
2025-04-19,Region A,16.45,4.334,54.05105446366212,0.0,0.0,2.0
2025-04-19,Region G,16.04,13.592999999999998,62.54027652681603,0.0,0.0,2.0
2025-04-19,Region C,20.39,26.004,64.2297074656204,0.0,0.0,2.0
2025-04-19,Region H,7.66,14.774999999999999,54.31840987593268,0.0,0.0,2.0
2025-04-19,Region F,13.239999999999998,16.942,57.76003150329267,0.0,0.0,2.0
2025-04-26,Region D,18.442857142857147,27.7,61.201653130652666,,,
2025-04-26,Region E,17.882857142857148,22.714,62.65721237436303,,,
2025-04-26,Region B,18.082857142857147,26.037999999999997,64.2297074656204,,,
2025-04-26,Region A,17.692857142857147,6.094,54.05105446366212,,,
2025-04-26,Region G,17.282857142857146,19.113,62.54027652681603,,,
2025-04-26,Region C,21.632857142857148,36.564,64.2297074656204,,,
2025-04-26,Region H,8.902857142857147,20.775,54.31840987593268,,,
2025-04-26,Region F,14.482857142857146,23.822,57.76003150329267,,,
2025-05-03,Region D,17.728571428571428,0.0,62.966304320298015,0.0,0.0,1.0
2025-05-03,Region E,17.16857142857143,0.0,64.54982832618454,0.0,0.0,1.0
2025-05-03,Region B,17.36857142857143,0.0,66.12881164022191,0.0,0.0,1.0
2025-05-03,Region A,16.978571428571428,0.0,55.83431230028494,0.0,0.0,1.0
2025-05-03,Region G,16.568571428571428,0.0,64.55436901803374,0.0,0.0,1.0
2025-05-03,Region C,20.91857142857143,0.0,66.12881164022191,0.0,0.0,1.0
2025-05-03,Region H,8.188571428571429,0.0,56.184217479648545,0.0,0.0,1.0
2025-05-03,Region F,13.768571428571427,0.0,59.57526089997328,0.0,0.0,1.0
2025-05-10,Region D,19.042857142857144,76.99999999999999,62.966304320298015,,,
2025-05-10,Region E,18.482857142857146,63.139999999999986,64.54982832618454,,,
2025-05-10,Region B,18.682857142857145,72.37999999999998,66.12881164022191,,,
2025-05-10,Region A,18.292857142857144,16.939999999999998,55.83431230028494,,,
2025-05-10,Region G,17.882857142857144,53.12999999999999,64.55436901803374,,,
2025-05-10,Region C,22.232857142857146,101.63999999999999,66.12881164022191,,,
2025-05-10,Region H,9.502857142857145,57.749999999999986,56.184217479648545,,,
2025-05-10,Region F,15.082857142857144,66.21999999999998,59.57526089997328,,,
2025-05-17,Region D,18.714285714285715,50.4,62.966304320298015,,,
2025-05-17,Region E,18.154285714285717,41.327999999999996,64.54982832618454,,,
2025-05-17,Region B,18.354285714285716,47.376,66.12881164022191,,,
2025-05-17,Region A,17.964285714285715,11.088,55.83431230028494,,,
2025-05-17,Region G,17.554285714285715,34.775999999999996,64.55436901803374,,,
2025-05-17,Region C,21.904285714285717,66.528,66.12881164022191,,,
2025-05-17,Region H,9.174285714285716,37.8,56.184217479648545,,,
2025-05-17,Region F,14.754285714285714,43.344,59.57526089997328,,,
2025-05-24,Region D,13.84285714285714,17.6,62.966304320298015,,,
2025-05-24,Region E,13.28285714285714,14.432,64.54982832618454,,,
2025-05-24,Region B,13.48285714285714,16.544,66.12881164022191,,,
2025-05-24,Region A,13.09285714285714,3.8720000000000003,55.83431230028494,,,
2025-05-24,Region G,12.68285714285714,12.144,64.55436901803374,,,
2025-05-24,Region C,17.03285714285714,23.232000000000003,66.12881164022191,,,
2025-05-24,Region H,4.302857142857141,13.200000000000001,56.184217479648545,,,
2025-05-24,Region F,9.88285714285714,15.136000000000001,59.57526089997328,,,
2025-05-31,Region D,12.942857142857145,1.1,62.966304320298015,0.0,0.0,1.0
2025-05-31,Region E,12.382857142857144,0.902,64.54982832618454,0.0,0.0,1.0
2025-05-31,Region B,12.582857142857145,1.034,66.12881164022191,0.0,0.0,1.0
2025-05-31,Region A,12.192857142857145,0.24200000000000002,55.83431230028494,0.0,0.0,1.0
2025-05-31,Region G,11.782857142857145,0.759,64.55436901803374,0.0,0.0,1.0
2025-05-31,Region C,16.132857142857144,1.4520000000000002,66.12881164022191,0.0,0.0,1.0
2025-05-31,Region H,3.4028571428571457,0.8250000000000001,56.184217479648545,0.0,0.0,1.0
2025-05-31,Region F,8.982857142857146,0.9460000000000001,59.57526089997328,0.0,0.0,1.0
2025-06-07,Region D,12.557142857142859,0.0,62.930891447372666,,,
2025-06-07,Region E,11.997142857142858,0.0,65.03731671414712,,,
2025-06-07,Region B,12.19714285714286,0.0,67.11363628684552,,,
2025-06-07,Region A,11.807142857142859,0.0,57.080907844215105,,,
2025-06-07,Region G,11.397142857142859,0.0,65.06742240822318,,,
2025-06-07,Region C,15.747142857142858,0.0,67.11363628684552,,,
2025-06-07,Region H,3.0171428571428596,0.0,55.92417054273862,,,
2025-06-07,Region F,8.59714285714286,0.0,59.42753099505565,,,
2025-06-14,Region D,11.957142857142856,32.4,62.930891447372666,,,
2025-06-14,Region E,11.397142857142855,26.567999999999998,65.03731671414712,,,
2025-06-14,Region B,11.597142857142856,30.455999999999996,67.11363628684552,,,
2025-06-14,Region A,11.207142857142856,7.128,57.080907844215105,,,
2025-06-14,Region G,10.797142857142855,22.355999999999998,65.06742240822318,,,
2025-06-14,Region C,15.147142857142855,42.768,67.11363628684552,,,
2025-06-14,Region H,2.4171428571428564,24.299999999999997,55.92417054273862,,,
2025-06-14,Region F,7.9971428571428556,27.863999999999997,59.42753099505565,,,
2025-06-21,Region D,11.471428571428572,2.9,62.930891447372666,,,
2025-06-21,Region E,10.911428571428571,2.3779999999999997,65.03731671414712,,,
2025-06-21,Region B,11.111428571428572,2.726,67.11363628684552,,,
2025-06-21,Region A,10.721428571428572,0.638,57.080907844215105,,,
2025-06-21,Region G,10.311428571428571,2.001,65.06742240822318,,,
2025-06-21,Region C,14.661428571428571,3.828,67.11363628684552,,,
2025-06-21,Region H,1.9314285714285724,2.175,55.92417054273862,,,
2025-06-21,Region F,7.511428571428572,2.4939999999999998,59.42753099505565,,,
2025-06-28,Region D,9.828571428571427,2.5,62.930891447372666,,,
2025-06-28,Region E,9.268571428571427,2.05,65.03731671414712,,,
2025-06-28,Region B,9.468571428571428,2.3499999999999996,67.11363628684552,,,
2025-06-28,Region A,9.078571428571427,0.55,57.080907844215105,,,
2025-06-28,Region G,8.668571428571427,1.7249999999999999,65.06742240822318,,,
2025-06-28,Region C,13.018571428571427,3.3000000000000003,67.11363628684552,,,
2025-06-28,Region H,0.28857142857142826,1.875,55.92417054273862,,,
2025-06-28,Region F,5.868571428571427,2.15,59.42753099505565,,,
2025-07-05,Region D,7.614285714285714,0.4,63.07796820043454,,,
2025-07-05,Region E,7.054285714285713,0.328,65.23777946053613,,,
2025-07-05,Region B,7.254285714285714,0.376,67.22891328312116,,,
2025-07-05,Region A,6.864285714285714,0.08800000000000001,58.21633860754407,,,
2025-07-05,Region G,6.454285714285714,0.27599999999999997,65.40645689805271,,,
2025-07-05,Region C,10.804285714285713,0.528,67.22891328312116,,,
2025-07-05,Region H,-1.9257142857142853,0.30000000000000004,55.63462724415279,,,
2025-07-05,Region F,3.654285714285714,0.34400000000000003,59.35629772229366,,,
2025-07-12,Region D,12.042857142857143,0.1,63.07796820043454,0.0,0.0,1.0
2025-07-12,Region E,11.482857142857142,0.082,65.23777946053613,0.0,0.0,1.0
2025-07-12,Region B,11.682857142857143,0.094,67.22891328312116,0.0,0.0,1.0
2025-07-12,Region A,11.292857142857143,0.022000000000000002,58.21633860754407,0.0,0.0,1.0
2025-07-12,Region G,10.882857142857143,0.06899999999999999,65.40645689805271,0.0,0.0,1.0
2025-07-12,Region C,15.232857142857142,0.132,67.22891328312116,0.0,0.0,1.0
2025-07-12,Region H,2.5028571428571436,0.07500000000000001,55.63462724415279,0.0,0.0,1.0
2025-07-12,Region F,8.082857142857144,0.08600000000000001,59.35629772229366,0.0,0.0,1.0
2025-07-19,Region D,12.028571428571428,21.8,63.07796820043454,,,
2025-07-19,Region E,11.468571428571428,17.876,65.23777946053613,,,
2025-07-19,Region B,11.668571428571429,20.492,67.22891328312116,,,
2025-07-19,Region A,11.278571428571428,4.796,58.21633860754407,,,
2025-07-19,Region G,10.868571428571428,15.042,65.40645689805271,,,
2025-07-19,Region C,15.218571428571428,28.776000000000003,67.22891328312116,,,
2025-07-19,Region H,2.4885714285714293,16.35,55.63462724415279,,,
2025-07-19,Region F,8.068571428571428,18.748,59.35629772229366,,,
2025-07-26,Region D,11.657142857142858,7.3,63.07796820043454,0.0,1.0,0.0
2025-07-26,Region E,11.097142857142858,5.986,65.23777946053613,0.0,1.0,0.0
2025-07-26,Region B,11.297142857142859,6.861999999999999,67.22891328312116,0.0,1.0,0.0
2025-07-26,Region A,10.907142857142858,1.6059999999999999,58.21633860754407,0.0,1.0,0.0
2025-07-26,Region G,10.497142857142858,5.037,65.40645689805271,0.0,1.0,0.0
2025-07-26,Region C,14.847142857142858,9.636000000000001,67.22891328312116,0.0,1.0,0.0
2025-07-26,Region H,2.117142857142859,5.475,55.63462724415279,0.0,1.0,0.0
2025-07-26,Region F,7.697142857142858,6.278,59.35629772229366,0.0,1.0,0.0
2025-08-02,Region D,13.114285714285714,15.6,63.45951990212583,,,
2025-08-02,Region E,12.554285714285713,12.792,65.51474240638322,,,
2025-08-02,Region B,12.754285714285714,14.664,67.618755078172,,,
2025-08-02,Region A,12.364285714285714,3.432,58.319029494186246,,,
2025-08-02,Region G,11.954285714285714,10.764,65.46595223885186,,,
2025-08-02,Region C,16.304285714285715,20.592,67.618755078172,,,
2025-08-02,Region H,3.5742857142857147,11.7,55.626585972085685,,,
2025-08-02,Region F,9.154285714285713,13.416,59.543052937105756,,,
2025-08-09,Region D,11.342857142857143,0.0,63.45951990212583,,,
2025-08-09,Region E,10.782857142857143,0.0,65.51474240638322,,,
2025-08-09,Region B,10.982857142857144,0.0,67.618755078172,,,
2025-08-09,Region A,10.592857142857143,0.0,58.319029494186246,,,
2025-08-09,Region G,10.182857142857143,0.0,65.46595223885186,,,
2025-08-09,Region C,14.532857142857143,0.0,67.618755078172,,,
2025-08-09,Region H,1.8028571428571443,0.0,55.626585972085685,,,
2025-08-09,Region F,7.3828571428571435,0.0,59.543052937105756,,,
2025-08-16,Region D,11.485714285714286,0.1,63.45951990212583,,,
2025-08-16,Region E,10.925714285714285,0.082,65.51474240638322,,,
2025-08-16,Region B,11.125714285714286,0.094,67.618755078172,,,
2025-08-16,Region A,10.735714285714286,0.022000000000000002,58.319029494186246,,,
2025-08-16,Region G,10.325714285714286,0.06899999999999999,65.46595223885186,,,
2025-08-16,Region C,14.675714285714285,0.132,67.618755078172,,,
2025-08-16,Region H,1.9457142857142866,0.07500000000000001,55.626585972085685,,,
2025-08-16,Region F,7.525714285714286,0.08600000000000001,59.543052937105756,,,
2025-08-23,Region D,14.099999999999998,82.0,63.45951990212583,,,
2025-08-23,Region E,13.539999999999997,67.24,65.51474240638322,,,
2025-08-23,Region B,13.739999999999998,77.08,67.618755078172,,,
2025-08-23,Region A,13.349999999999998,18.04,58.319029494186246,,,
2025-08-23,Region G,12.939999999999998,56.58,65.46595223885186,,,
2025-08-23,Region C,17.29,108.24000000000001,67.618755078172,,,
2025-08-23,Region H,4.559999999999999,61.5,55.626585972085685,,,
2025-08-23,Region F,10.139999999999997,70.52,59.543052937105756,,,
2025-08-30,Region D,15.042857142857143,0.0,63.45951990212583,,,
2025-08-30,Region E,14.482857142857142,0.0,65.51474240638322,,,
2025-08-30,Region B,14.682857142857143,0.0,67.618755078172,,,
2025-08-30,Region A,14.292857142857143,0.0,58.319029494186246,,,
2025-08-30,Region G,13.882857142857143,0.0,65.46595223885186,,,
2025-08-30,Region C,18.232857142857142,0.0,67.618755078172,,,
2025-08-30,Region H,5.502857142857144,0.0,55.626585972085685,,,
2025-08-30,Region F,11.082857142857144,0.0,59.543052937105756,,,
2025-09-06,Region D,12.157142857142858,33.4,62.59423083443367,,,
2025-09-06,Region E,11.597142857142858,27.387999999999998,64.55732745794606,,,
2025-09-06,Region B,11.797142857142859,31.395999999999997,66.672289124291,,,
2025-09-06,Region A,11.407142857142858,7.348,57.48464677007536,,,
2025-09-06,Region G,10.997142857142858,23.045999999999996,64.4054624151135,,,
2025-09-06,Region C,15.347142857142858,44.088,66.672289124291,,,
2025-09-06,Region H,2.617142857142859,25.049999999999997,54.727013845008315,,,
2025-09-06,Region F,8.197142857142858,28.723999999999997,58.660622339720994,,,
2025-09-13,Region D,15.742857142857142,0.0,62.59423083443367,,,
2025-09-13,Region E,15.182857142857141,0.0,64.55732745794606,,,
2025-09-13,Region B,15.382857142857143,0.0,66.672289124291,,,
2025-09-13,Region A,14.992857142857142,0.0,57.48464677007536,,,
2025-09-13,Region G,14.582857142857142,0.0,64.4054624151135,,,
2025-09-13,Region C,18.93285714285714,0.0,66.672289124291,,,
2025-09-13,Region H,6.202857142857143,0.0,54.727013845008315,,,
2025-09-13,Region F,11.782857142857143,0.0,58.660622339720994,,,
2025-09-20,Region D,17.142857142857142,71.6,62.59423083443367,,,
2025-09-20,Region E,16.582857142857144,58.71199999999999,64.55732745794606,,,
2025-09-20,Region B,16.782857142857143,67.30399999999999,66.672289124291,,,
2025-09-20,Region A,16.392857142857142,15.751999999999999,57.48464677007536,,,
2025-09-20,Region G,15.982857142857142,49.40399999999999,64.4054624151135,,,
2025-09-20,Region C,20.332857142857144,94.512,66.672289124291,,,
2025-09-20,Region H,7.602857142857143,53.699999999999996,54.727013845008315,,,
2025-09-20,Region F,13.182857142857141,61.57599999999999,58.660622339720994,,,
2025-09-27,Region D,14.757142857142858,16.700000000000003,62.59423083443367,0.0,1.0,0.0
2025-09-27,Region E,14.197142857142858,13.694,64.55732745794606,0.0,1.0,0.0
2025-09-27,Region B,14.397142857142859,15.698000000000002,66.672289124291,0.0,1.0,0.0
2025-09-27,Region A,14.007142857142858,3.674000000000001,57.48464677007536,0.0,1.0,0.0
2025-09-27,Region G,13.597142857142858,11.523000000000001,64.4054624151135,0.0,1.0,0.0
2025-09-27,Region C,17.947142857142858,22.044000000000004,66.672289124291,0.0,1.0,0.0
2025-09-27,Region H,5.217142857142859,12.525000000000002,54.727013845008315,0.0,1.0,0.0
2025-09-27,Region F,10.797142857142859,14.362000000000002,58.660622339720994,0.0,1.0,0.0
2025-10-04,Region D,19.157142857142855,0.7,61.99906333829104,,,
2025-10-04,Region E,18.597142857142856,0.574,64.27770331088382,,,
2025-10-04,Region B,18.797142857142855,0.6579999999999999,66.55887356654951,,,
2025-10-04,Region A,18.407142857142855,0.154,56.82077839821513,,,
2025-10-04,Region G,17.997142857142855,0.48299999999999993,64.27517302781092,,,
2025-10-04,Region C,22.347142857142856,0.9239999999999999,66.55887356654951,,,
2025-10-04,Region H,9.617142857142856,0.5249999999999999,54.35310698289905,,,
2025-10-04,Region F,15.197142857142854,0.602,58.17608516059504,,,
2025-10-11,Region D,18.757142857142856,15.299999999999999,61.99906333829104,,,
2025-10-11,Region E,18.197142857142858,12.545999999999998,64.27770331088382,,,
2025-10-11,Region B,18.397142857142857,14.381999999999998,66.55887356654951,,,
2025-10-11,Region A,18.007142857142856,3.3659999999999997,56.82077839821513,,,
2025-10-11,Region G,17.597142857142856,10.556999999999999,64.27517302781092,,,
2025-10-11,Region C,21.947142857142858,20.195999999999998,66.55887356654951,,,
2025-10-11,Region H,9.217142857142857,11.475,54.35310698289905,,,
2025-10-11,Region F,14.797142857142855,13.158,58.17608516059504,,,
2025-10-18,Region D,19.228571428571428,1.1,61.99906333829104,,,
2025-10-18,Region E,18.66857142857143,0.902,64.27770331088382,,,
2025-10-18,Region B,18.86857142857143,1.034,66.55887356654951,,,
2025-10-18,Region A,18.478571428571428,0.24200000000000002,56.82077839821513,,,
2025-10-18,Region G,18.068571428571428,0.759,64.27517302781092,,,
2025-10-18,Region C,22.41857142857143,1.4520000000000002,66.55887356654951,,,
2025-10-18,Region H,9.688571428571429,0.8250000000000001,54.35310698289905,,,
2025-10-18,Region F,15.268571428571427,0.9460000000000001,58.17608516059504,,,
2025-10-25,Region D,20.014285714285716,33.4,61.99906333829104,,,
2025-10-25,Region E,19.454285714285717,27.387999999999998,64.27770331088382,,,
2025-10-25,Region B,19.654285714285717,31.395999999999997,66.55887356654951,,,
2025-10-25,Region A,19.264285714285716,7.348,56.82077839821513,,,
2025-10-25,Region G,18.854285714285716,23.045999999999996,64.27517302781092,,,
2025-10-25,Region C,23.204285714285717,44.088,66.55887356654951,,,
2025-10-25,Region H,10.474285714285717,25.049999999999997,54.35310698289905,,,
2025-10-25,Region F,16.054285714285715,28.723999999999997,58.17608516059504,,,
2025-11-01,Region D,15.842857142857143,3.1,61.7657921165098,,,
2025-11-01,Region E,15.282857142857143,2.542,64.00077140946559,,,
2025-11-01,Region B,15.482857142857144,2.9139999999999997,66.15418191736488,,,
2025-11-01,Region A,15.092857142857143,0.682,55.31653207711143,,,
2025-11-01,Region G,14.682857142857143,2.139,64.08234019452208,,,
2025-11-01,Region C,19.032857142857143,4.0920000000000005,66.15418191736488,,,
2025-11-01,Region H,6.302857142857144,2.325,53.336032016910416,,,
2025-11-01,Region F,11.882857142857144,2.666,57.55091206671011,,,
2025-11-08,Region D,17.842857142857145,14.1,61.7657921165098,,,
2025-11-08,Region E,17.282857142857146,11.562,64.00077140946559,,,
2025-11-08,Region B,17.482857142857146,13.254,66.15418191736488,,,
2025-11-08,Region A,17.092857142857145,3.102,55.31653207711143,,,
2025-11-08,Region G,16.682857142857145,9.729,64.08234019452208,,,
2025-11-08,Region C,21.032857142857146,18.612000000000002,66.15418191736488,,,
2025-11-08,Region H,8.302857142857146,10.575,53.336032016910416,,,
2025-11-08,Region F,13.882857142857144,12.126,57.55091206671011,,,
2025-11-15,Region D,22.185714285714287,9.4,61.7657921165098,,,
2025-11-15,Region E,21.625714285714288,7.708,64.00077140946559,,,
2025-11-15,Region B,21.825714285714287,8.836,66.15418191736488,,,
2025-11-15,Region A,21.435714285714287,2.068,55.31653207711143,,,
2025-11-15,Region G,21.025714285714287,6.486,64.08234019452208,,,
2025-11-15,Region C,25.375714285714288,12.408000000000001,66.15418191736488,,,
2025-11-15,Region H,12.645714285714288,7.050000000000001,53.336032016910416,,,
2025-11-15,Region F,18.225714285714286,8.084,57.55091206671011,,,
2025-11-22,Region D,18.785714285714285,52.300000000000004,61.7657921165098,,,
2025-11-22,Region E,18.225714285714286,42.886,64.00077140946559,,,
2025-11-22,Region B,18.425714285714285,49.162,66.15418191736488,,,
2025-11-22,Region A,18.035714285714285,11.506,55.31653207711143,,,
2025-11-22,Region G,17.625714285714285,36.087,64.08234019452208,,,
2025-11-22,Region C,21.975714285714286,69.03600000000002,66.15418191736488,,,
2025-11-22,Region H,9.245714285714286,39.225,53.336032016910416,,,
2025-11-22,Region F,14.825714285714284,44.978,57.55091206671011,,,
2025-11-29,Region D,21.657142857142855,22.5,61.7657921165098,,,
2025-11-29,Region E,21.097142857142856,18.45,64.00077140946559,,,
2025-11-29,Region B,21.297142857142855,21.15,66.15418191736488,,,
2025-11-29,Region A,20.907142857142855,4.95,55.31653207711143,,,
2025-11-29,Region G,20.497142857142855,15.524999999999999,64.08234019452208,,,
2025-11-29,Region C,24.847142857142856,29.700000000000003,66.15418191736488,,,
2025-11-29,Region H,12.117142857142856,16.875,53.336032016910416,,,
2025-11-29,Region F,17.697142857142854,19.35,57.55091206671011,,,
2025-12-06,Region D,24.02857142857143,10.3,56.223427685012815,,,
2025-12-06,Region E,23.46857142857143,8.446,61.641656885235996,,,
2025-12-06,Region B,23.66857142857143,9.682,65.09001497752121,,,
2025-12-06,Region A,23.27857142857143,2.266,54.75209929054795,,,
2025-12-06,Region G,22.86857142857143,7.107,63.61152799317396,,,
2025-12-06,Region C,27.21857142857143,13.596000000000002,65.09001497752121,,,
2025-12-06,Region H,14.48857142857143,7.7250000000000005,52.91524066422572,,,
2025-12-06,Region F,20.068571428571428,8.858,54.569334174619264,,,
2025-12-13,Region D,24.085714285714285,3.7,56.223427685012815,,,
2025-12-13,Region E,23.525714285714287,3.034,61.641656885235996,,,
2025-12-13,Region B,23.725714285714286,3.4779999999999998,65.09001497752121,,,
2025-12-13,Region A,23.335714285714285,0.8140000000000001,54.75209929054795,,,
2025-12-13,Region G,22.925714285714285,2.553,63.61152799317396,,,
2025-12-13,Region C,27.275714285714287,4.884,65.09001497752121,,,
2025-12-13,Region H,14.545714285714286,2.7750000000000004,52.91524066422572,,,
2025-12-13,Region F,20.125714285714285,3.182,54.569334174619264,,,
2025-12-20,Region D,23.47142857142857,11.9,56.223427685012815,,,
2025-12-20,Region E,22.911428571428573,9.758,61.641656885235996,,,
2025-12-20,Region B,23.111428571428572,11.186,65.09001497752121,,,
2025-12-20,Region A,22.72142857142857,2.618,54.75209929054795,,,
2025-12-20,Region G,22.31142857142857,8.211,63.61152799317396,,,
2025-12-20,Region C,26.661428571428573,15.708000000000002,65.09001497752121,,,
2025-12-20,Region H,13.931428571428572,8.925,52.91524066422572,,,
2025-12-20,Region F,19.51142857142857,10.234,54.569334174619264,,,
2025-12-27,Region D,26.357142857142858,8.0,56.223427685012815,0.0,0.0,1.0
2025-12-27,Region E,25.79714285714286,6.56,61.641656885235996,0.0,0.0,1.0
2025-12-27,Region B,25.997142857142858,7.52,65.09001497752121,0.0,0.0,1.0
2025-12-27,Region A,25.607142857142858,1.76,54.75209929054795,0.0,0.0,1.0
2025-12-27,Region G,25.197142857142858,5.52,63.61152799317396,0.0,0.0,1.0
2025-12-27,Region C,29.54714285714286,10.56,65.09001497752121,0.0,0.0,1.0
2025-12-27,Region H,16.81714285714286,6.0,52.91524066422572,0.0,0.0,1.0
2025-12-27,Region F,22.397142857142857,6.88,54.569334174619264,0.0,0.0,1.0
